id,Name,Gender,Status,Intake Date,Outcome Date,Age,Description,Found At,Rescue Partners,Interested?,scrape_date,Address,Located At,Phone Number,Website,url
A169144,Princesa,Spayed Female,Returned to Owner,,2025/11/21,14 years old,"spayed female, black German Shepherd Dog mix",,,Please take a look at some of my other buddies in the shelter,2025-11-26,"2741 South Western AvenueChicago, IL 60608",Chicago Animal Care and Control,(312) 747-1406,https://cityofchicago.org/cacc,https://24petconnect.com/chgoall/Details/CHGO/A169144
A222067,Lobo,Neutered Male,Returned to Owner,,2025/11/23,5 years old,"neutered male, black and white Siberian Husky and Alaskan Malamute",,,Please take a look at some of my other buddies in the shelter,2025-11-26,"2741 South Western AvenueChicago, IL 60608",Chicago Animal Care and Control,(312) 747-1406,https://cityofchicago.org/cacc,https://24petconnect.com/chgoall/Details/CHGO/A222067
A223409,Chico,Neutered Male,Returned to Owner,,2025/11/23,5 years old,"neutered male, black and white American Pit Bull Terrier",,,Please take a look at some of my other buddies in the shelter,2025-11-26,"2741 South Western AvenueChicago, IL 60608",Chicago Animal Care and Control,(312) 747-1406,https://cityofchicago.org/cacc,https://24petconnect.com/chgoall/Details/CHGO/A223409
A239910,Ukulele,Neutered Male,Available,2025/11/15,,7 years old,"neutered male, tan American Pit Bull Terrier","2600 Block S Kedzie Ave, Chicago Il 60623",,Visit the shelter 12 to 6 pm daily,2025-11-26,"2741 South Western AvenueChicago, IL 60608",Chicago Animal Care and Control,(312) 747-1406,https://cityofchicago.org/cacc,https://24petconnect.com/chgoall/Details/CHGO/A239910
A240961,Kronos,Neutered Male,Available,2025/11/25,,5 years old,"neutered male, black and white Labrador Retriever and American Pit Bull Terrier","800 Block W 66Th St, Chicago Il 60621",,Visit the shelter 12 to 6 pm daily,2025-11-26,"2741 South Western AvenueChicago, IL 60608",Chicago Animal Care and Control,(312) 747-1406,https://cityofchicago.org/cacc,https://24petconnect.com/chgoall/Details/CHGO/A240961
A271832,Egg Salad,Spayed Female,Available,2025/11/22,,6 years old,"spayed female, gray and white American Pit Bull Terrier","12000 Block S Eggleston Ave, Chicago Il 60628",,Visit the shelter 12 to 6 pm daily,2025-11-26,"2741 South Western AvenueChicago, IL 60608",Chicago Animal Care and Control,(312) 747-1406,https://cityofchicago.org/cacc,https://24petconnect.com/chgoall/Details/CHGO/A271832
A274844,Boomiko,Neutered Male,Adopted,,2025/11/23,4 years old,"neutered male, white and black Siberian Husky",,,Please take a look at some of my other buddies in the shelter,2025-11-26,"2741 South Western AvenueChicago, IL 60608",Chicago Animal Care and Control,(312) 747-1406,https://cityofchicago.org/cacc,https://24petconnect.com/chgoall/Details/CHGO/A274844
A281332,Leo Dicaprio,Male,Available,2025/11/18,,1 year and 5 months old,"male, brown and white American Pit Bull Terrier","0 Block E Garfield Blvd, Chicago, Il 60637",,Visit the shelter 12 to 6 pm daily,2025-11-26,"2741 South Western AvenueChicago, IL 60608",Chicago Animal Care and Control,(312) 747-1406,https://cityofchicago.org/cacc,https://24petconnect.com/chgoall/Details/CHGO/A281332
A283095,Modena,Spayed Female,Available,2025/11/11,,1 year and 7 months old,"spayed female, tan and white Labrador Retriever",,,Visit the shelter 12 to 6 pm daily,2025-11-26,"2741 South Western AvenueChicago, IL 60608",Chicago Animal Care and Control,(312) 747-1406,https://cityofchicago.org/cacc,https://24petconnect.com/chgoall/Details/CHGO/A283095
A283169,Buddy,Male,Available,2025/11/16,,5 years old,"male, tan Chihuahua - Smooth Coated","2700 Block S Western Ave, Chicago Il 60608",,Visit the shelter 12 to 6 pm daily,2025-11-26,"2741 South Western AvenueChicago, IL 60608",Chicago Animal Care and Control,(312) 747-1406,https://cityofchicago.org/cacc,https://24petconnect.com/chgoall/Details/CHGO/A283169
A284709,Minnie Mouse,Spayed Female,Adopted,,2025/11/25,1 year,"spayed female, tan and white American Pit Bull Terrier",,,Please take a look at some of my other buddies in the shelter,2025-11-26,"2741 South Western AvenueChicago, IL 60608",Chicago Animal Care and Control,(312) 747-1406,https://cityofchicago.org/cacc,https://24petconnect.com/chgoall/Details/CHGO/A284709
A285359,Baby,Spayed Female,Returned to Owner,,2025/11/21,3 years old,"spayed female, white Poodle - Miniature",,,Please take a look at some of my other buddies in the shelter,2025-11-26,"2741 South Western AvenueChicago, IL 60608",Chicago Animal Care and Control,(312) 747-1406,https://cityofchicago.org/cacc,https://24petconnect.com/chgoall/Details/CHGO/A285359
A287900,Chico,Neutered Male,Available,2025/11/02,,1 year and 3 months old,"neutered male, brown and white American Pit Bull Terrier mix",,,Visit the shelter 12 to 6 pm daily,2025-11-26,"2741 South Western AvenueChicago, IL 60608",Chicago Animal Care and Control,(312) 747-1406,https://cityofchicago.org/cacc,https://24petconnect.com/chgoall/Details/CHGO/A287900
A289733,Tickle,Neutered Male,Adopted,,2025/11/22,1 year and 4 months old,"neutered male, chocolate and white American Pit Bull Terrier",,,Please take a look at some of my other buddies in the shelter,2025-11-26,"2741 South Western AvenueChicago, IL 60608",Chicago Animal Care and Control,(312) 747-1406,https://cityofchicago.org/cacc,https://24petconnect.com/chgoall/Details/CHGO/A289733
A292114,Merlin,Neutered Male,Adopted,,2025/11/20,1 year and 5 months old,"neutered male, white and gray American Pit Bull Terrier and Labrador Retriever",,,Please take a look at some of my other buddies in the shelter,2025-11-26,"2741 South Western AvenueChicago, IL 60608",Chicago Animal Care and Control,(312) 747-1406,https://cityofchicago.org/cacc,https://24petconnect.com/chgoall/Details/CHGO/A292114
A295400,Delia,Spayed Female,Available,2025/11/12,,11 months old,"spayed female, black and white American Pit Bull Terrier",,,Visit the shelter 12 to 6 pm daily,2025-11-26,"2741 South Western AvenueChicago, IL 60608",Chicago Animal Care and Control,(312) 747-1406,https://cityofchicago.org/cacc,https://24petconnect.com/chgoall/Details/CHGO/A295400
A299934,Candace,Spayed Female,Available,2025/11/12,,3 years old,"spayed female, brown brindle American Pit Bull Terrier","6000 Block S Damen Ave Chicago, Il 60636",,Visit the shelter 12 to 6 pm daily,2025-11-26,"2741 South Western AvenueChicago, IL 60608",Chicago Animal Care and Control,(312) 747-1406,https://cityofchicago.org/cacc,https://24petconnect.com/chgoall/Details/CHGO/A299934
A300646,Mattoon,Neutered Male,Available,2025/11/16,,1 year and 6 months old,"neutered male, brown and white Labrador Retriever and Siberian Husky","5600 Block W Cortland St, Chicago, Il 60639",,Visit the shelter 12 to 6 pm daily,2025-11-26,"2741 South Western AvenueChicago, IL 60608",Chicago Animal Care and Control,(312) 747-1406,https://cityofchicago.org/cacc,https://24petconnect.com/chgoall/Details/CHGO/A300646
A301318,Lilit,Spayed Female,Available,2025/11/20,,8 years old,"spayed female, gray American Pit Bull Terrier",,,Visit the shelter 12 to 6 pm daily,2025-11-26,"2741 South Western AvenueChicago, IL 60608",Chicago Animal Care and Control,(312) 747-1406,https://cityofchicago.org/cacc,https://24petconnect.com/chgoall/Details/CHGO/A301318
A301493,Flutter,Male,Available,2025/09/23,,My age is unknown,"male, gray and white American Pit Bull Terrier mix","1300 Block S Christiana Ave, Chicago, Il 60623",,Visit the shelter 12 to 6 pm daily,2025-11-26,"2741 South Western AvenueChicago, IL 60608",Chicago Animal Care and Control,(312) 747-1406,https://cityofchicago.org/cacc,https://24petconnect.com/chgoall/Details/CHGO/A301493
A301634,Clifton,Male,Available,2025/09/25,,My age is unknown,"male, tan American Pit Bull Terrier","7900 Block S Wood St, Chicago Il 60620",,Visit the shelter 12 to 6 pm daily,2025-11-26,"2741 South Western AvenueChicago, IL 60608",Chicago Animal Care and Control,(312) 747-1406,https://cityofchicago.org/cacc,https://24petconnect.com/chgoall/Details/CHGO/A301634
A301739,Pavel,Male,Available,2025/09/27,,My age is unknown,"male, black and tan Rottweiler mix","5600 Block S Francisco Ave, Chicago Il 60629",,Visit the shelter 12 to 6 pm daily,2025-11-26,"2741 South Western AvenueChicago, IL 60608",Chicago Animal Care and Control,(312) 747-1406,https://cityofchicago.org/cacc,https://24petconnect.com/chgoall/Details/CHGO/A301739
A301765,Brynn,Female,Available,2025/09/28,,My age is unknown,"female, black and white Siberian Husky mix","5500 Block W Grand Ave, Chicago, Il 60639",,Visit the shelter 12 to 6 pm daily,2025-11-26,"2741 South Western AvenueChicago, IL 60608",Chicago Animal Care and Control,(312) 747-1406,https://cityofchicago.org/cacc,https://24petconnect.com/chgoall/Details/CHGO/A301765
A301916,Pepperoni,Male,Available,2025/10/01,,My age is unknown,"male, black and white American Pit Bull Terrier","8800 Block S Euclid Ave, Chicago Il 60617",,Visit the shelter 12 to 6 pm daily,2025-11-26,"2741 South Western AvenueChicago, IL 60608",Chicago Animal Care and Control,(312) 747-1406,https://cityofchicago.org/cacc,https://24petconnect.com/chgoall/Details/CHGO/A301916
A301927,Hollis,Female,Available,2025/10/01,,My age is unknown,"female, tan American Pit Bull Terrier","5900 Block S Bishop St, Chicago Il 60636",,Visit the shelter 12 to 6 pm daily,2025-11-26,"2741 South Western AvenueChicago, IL 60608",Chicago Animal Care and Control,(312) 747-1406,https://cityofchicago.org/cacc,https://24petconnect.com/chgoall/Details/CHGO/A301927
A301929,Harvey,Neutered Male,Adopted,,2025/11/25,5 years old,"neutered male, tan American Pit Bull Terrier",,,Please take a look at some of my other buddies in the shelter,2025-11-26,"2741 South Western AvenueChicago, IL 60608",Chicago Animal Care and Control,(312) 747-1406,https://cityofchicago.org/cacc,https://24petconnect.com/chgoall/Details/CHGO/A301929
A301980,Milly,Spayed Female,Adopted,,2025/11/25,9 months old,"spayed female, white and brown American Pit Bull Terrier mix",,,Please take a look at some of my other buddies in the shelter,2025-11-26,"2741 South Western AvenueChicago, IL 60608",Chicago Animal Care and Control,(312) 747-1406,https://cityofchicago.org/cacc,https://24petconnect.com/chgoall/Details/CHGO/A301980
A302050,Philomena,Spayed Female,Adopted,,2025/11/20,2 years,"spayed female, apricot and white American Pit Bull Terrier",,,Please take a look at some of my other buddies in the shelter,2025-11-26,"2741 South Western AvenueChicago, IL 60608",Chicago Animal Care and Control,(312) 747-1406,https://cityofchicago.org/cacc,https://24petconnect.com/chgoall/Details/CHGO/A302050
A302053,Betty,Spayed Female,Adopted,,2025/11/26,6 years old,"spayed female, brown brindle and white American Pit Bull Terrier",,,Please take a look at some of my other buddies in the shelter,2025-11-26,"2741 South Western AvenueChicago, IL 60608",Chicago Animal Care and Control,(312) 747-1406,https://cityofchicago.org/cacc,https://24petconnect.com/chgoall/Details/CHGO/A302053
A302055,Macauley,Male,Available,2025/10/04,,My age is unknown,"male, brown merle Catahoula Leopard Hound and American Pit Bull Terrier","0 Block E 123Rd St, Chicago, Il 60628",,Visit the shelter 12 to 6 pm daily,2025-11-26,"2741 South Western AvenueChicago, IL 60608",Chicago Animal Care and Control,(312) 747-1406,https://cityofchicago.org/cacc,https://24petconnect.com/chgoall/Details/CHGO/A302055
A302138,Harry,Male,Available,2025/10/06,,2 years old,"male, brown American Pit Bull Terrier",,,Visit the shelter 12 to 6 pm daily,2025-11-26,"2741 South Western AvenueChicago, IL 60608",Chicago Animal Care and Control,(312) 747-1406,https://cityofchicago.org/cacc,https://24petconnect.com/chgoall/Details/CHGO/A302138
A302151,Cyanne,Female,Available,2025/10/06,,11 months old,"female, gray American Pit Bull Terrier",,,Visit the shelter 12 to 6 pm daily,2025-11-26,"2741 South Western AvenueChicago, IL 60608",Chicago Animal Care and Control,(312) 747-1406,https://cityofchicago.org/cacc,https://24petconnect.com/chgoall/Details/CHGO/A302151
A302200,Stapleton,Neutered Male,Available,2025/10/07,,3 years old,"neutered male, black and white American Pit Bull Terrier",,,Visit the shelter 12 to 6 pm daily,2025-11-26,"2741 South Western AvenueChicago, IL 60608",Chicago Animal Care and Control,(312) 747-1406,https://cityofchicago.org/cacc,https://24petconnect.com/chgoall/Details/CHGO/A302200
A302238,Clara,Female,Available,2025/10/08,,My age is unknown,"female, gray and white American Pit Bull Terrier",1400 Block N,,Visit the shelter 12 to 6 pm daily,2025-11-26,"2741 South Western AvenueChicago, IL 60608",Chicago Animal Care and Control,(312) 747-1406,https://cityofchicago.org/cacc,https://24petconnect.com/chgoall/Details/CHGO/A302238
A302277,Ursula,Spayed Female,Adopted,,2025/11/21,1 year,"spayed female, brown and white American Pit Bull Terrier mix",,,Please take a look at some of my other buddies in the shelter,2025-11-26,"2741 South Western AvenueChicago, IL 60608",Chicago Animal Care and Control,(312) 747-1406,https://cityofchicago.org/cacc,https://24petconnect.com/chgoall/Details/CHGO/A302277
A302313,Cayson,Male,Available,2025/10/09,,My age is unknown,"male, brown and white American Pit Bull Terrier","4700 Block S Ellis Ave, Chicago Il 60615",,Visit the shelter 12 to 6 pm daily,2025-11-26,"2741 South Western AvenueChicago, IL 60608",Chicago Animal Care and Control,(312) 747-1406,https://cityofchicago.org/cacc,https://24petconnect.com/chgoall/Details/CHGO/A302313
A302372,Enchantress,Female,Transferred to Tails Together Co,,2025/11/24,My age is unknown,"female, white and black American Pit Bull Terrier",,,Please take a look at some of my other buddies in the shelter,2025-11-26,"2741 South Western AvenueChicago, IL 60608",Chicago Animal Care and Control,(312) 747-1406,https://cityofchicago.org/cacc,https://24petconnect.com/chgoall/Details/CHGO/A302372
A302421,Rue,Female,Available,2025/10/12,,My age is unknown,"female, gray tiger American Pit Bull Terrier","7500 Block S State St, Chicago Il 60620",,Visit the shelter 12 to 6 pm daily,2025-11-26,"2741 South Western AvenueChicago, IL 60608",Chicago Animal Care and Control,(312) 747-1406,https://cityofchicago.org/cacc,https://24petconnect.com/chgoall/Details/CHGO/A302421
A302448,Brixton,Male,Available,2025/10/12,,My age is unknown,"male, tan American Pit Bull Terrier","2800 Block S Throop Stchicago, Il 60608",,Visit the shelter 12 to 6 pm daily,2025-11-26,"2741 South Western AvenueChicago, IL 60608",Chicago Animal Care and Control,(312) 747-1406,https://cityofchicago.org/cacc,https://24petconnect.com/chgoall/Details/CHGO/A302448
A302449,Herringbone,Female,Available,2025/10/12,,My age is unknown,"female, brown and white American Pit Bull Terrier",,,Visit the shelter 12 to 6 pm daily,2025-11-26,"2741 South Western AvenueChicago, IL 60608",Chicago Animal Care and Control,(312) 747-1406,https://cityofchicago.org/cacc,https://24petconnect.com/chgoall/Details/CHGO/A302449
A302476,Kree,Female,Available,2025/10/13,,5 years old,"female, gray and white American Pit Bull Terrier",,,Visit the shelter 12 to 6 pm daily,2025-11-26,"2741 South Western AvenueChicago, IL 60608",Chicago Animal Care and Control,(312) 747-1406,https://cityofchicago.org/cacc,https://24petconnect.com/chgoall/Details/CHGO/A302476
A302504,Gossett,Male,Available,2025/10/13,,2 years old,"male, gray and white American Pit Bull Terrier",,,Visit the shelter 12 to 6 pm daily,2025-11-26,"2741 South Western AvenueChicago, IL 60608",Chicago Animal Care and Control,(312) 747-1406,https://cityofchicago.org/cacc,https://24petconnect.com/chgoall/Details/CHGO/A302504
A302529,Indigo,Female,Available,2025/10/14,,My age is unknown,"female, tan American Pit Bull Terrier","8400 Block S Escanaba Ave, Chicago Il 60617",,Visit the shelter 12 to 6 pm daily,2025-11-26,"2741 South Western AvenueChicago, IL 60608",Chicago Animal Care and Control,(312) 747-1406,https://cityofchicago.org/cacc,https://24petconnect.com/chgoall/Details/CHGO/A302529
A302734,Meli,Spayed Female,Adopted,,2025/11/20,7 years old,"spayed female, blue American Pit Bull Terrier",,,Please take a look at some of my other buddies in the shelter,2025-11-26,"2741 South Western AvenueChicago, IL 60608",Chicago Animal Care and Control,(312) 747-1406,https://cityofchicago.org/cacc,https://24petconnect.com/chgoall/Details/CHGO/A302734
A302758,Reef,Neutered Male,Adopted,,2025/11/22,1 year and 2 months old,"neutered male, black and brown American Pit Bull Terrier",,,Please take a look at some of my other buddies in the shelter,2025-11-26,"2741 South Western AvenueChicago, IL 60608",Chicago Animal Care and Control,(312) 747-1406,https://cityofchicago.org/cacc,https://24petconnect.com/chgoall/Details/CHGO/A302758
A302781,Joelle,Female,Available,2025/10/18,,My age is unknown,"female, white and black American Pit Bull Terrier","4700 Block S Wentworth Ave, Chicago Il 60609",,Visit the shelter 12 to 6 pm daily,2025-11-26,"2741 South Western AvenueChicago, IL 60608",Chicago Animal Care and Control,(312) 747-1406,https://cityofchicago.org/cacc,https://24petconnect.com/chgoall/Details/CHGO/A302781
A302811,Desdemona,Female,Available,2025/10/19,,2 years old,"female, gray and white American Pit Bull Terrier","5800 Block S Halsted Ave Chicago, Il 60621",,Visit the shelter 12 to 6 pm daily,2025-11-26,"2741 South Western AvenueChicago, IL 60608",Chicago Animal Care and Control,(312) 747-1406,https://cityofchicago.org/cacc,https://24petconnect.com/chgoall/Details/CHGO/A302811
A302847,May,Spayed Female,Adopted,,2025/11/25,7 years old,"spayed female, gray and white American Pit Bull Terrier",,,Please take a look at some of my other buddies in the shelter,2025-11-26,"2741 South Western AvenueChicago, IL 60608",Chicago Animal Care and Control,(312) 747-1406,https://cityofchicago.org/cacc,https://24petconnect.com/chgoall/Details/CHGO/A302847
A302878,Russette,Female,Available,2025/10/20,,My age is unknown,"female, brown American Pit Bull Terrier",,,Visit the shelter 12 to 6 pm daily,2025-11-26,"2741 South Western AvenueChicago, IL 60608",Chicago Animal Care and Control,(312) 747-1406,https://cityofchicago.org/cacc,https://24petconnect.com/chgoall/Details/CHGO/A302878
A302892,Chesney,Female,Available,2025/10/21,,My age is unknown,"female, brown brindle Boxer","700 Block E 131St St, Calumet Park, Il 60827",,Visit the shelter 12 to 6 pm daily,2025-11-26,"2741 South Western AvenueChicago, IL 60608",Chicago Animal Care and Control,(312) 747-1406,https://cityofchicago.org/cacc,https://24petconnect.com/chgoall/Details/CHGO/A302892
A302893,Abbey,Female,Available,2025/10/21,,My age is unknown,"female, tan American Pit Bull Terrier",11500 Block S Troop St Chicago Il 60643,,Visit the shelter 12 to 6 pm daily,2025-11-26,"2741 South Western AvenueChicago, IL 60608",Chicago Animal Care and Control,(312) 747-1406,https://cityofchicago.org/cacc,https://24petconnect.com/chgoall/Details/CHGO/A302893
A302903,Simone,Spayed Female,Available,2025/10/21,,1 year,"spayed female, gray and white American Pit Bull Terrier",,,Visit the shelter 12 to 6 pm daily,2025-11-26,"2741 South Western AvenueChicago, IL 60608",Chicago Animal Care and Control,(312) 747-1406,https://cityofchicago.org/cacc,https://24petconnect.com/chgoall/Details/CHGO/A302903
A302998,Dodger,Male,Available,2025/10/22,,My age is unknown,"male, gray Mastiff mix","5900 Block S Racine Ave, Chicago Il 60621",,Visit the shelter 12 to 6 pm daily,2025-11-26,"2741 South Western AvenueChicago, IL 60608",Chicago Animal Care and Control,(312) 747-1406,https://cityofchicago.org/cacc,https://24petconnect.com/chgoall/Details/CHGO/A302998
A303040,Winnebago,Neutered Male,Available,2025/11/09,,10 months old,"neutered male, brown brindle American Pit Bull Terrier",,,Visit the shelter 12 to 6 pm daily,2025-11-26,"2741 South Western AvenueChicago, IL 60608",Chicago Animal Care and Control,(312) 747-1406,https://cityofchicago.org/cacc,https://24petconnect.com/chgoall/Details/CHGO/A303040
A303045,Ottawa,Male,Available,2025/10/23,,My age is unknown,"male, black and white Alaskan Malamute","7600 Block S Union Ave, Chicago Il 60620",,Visit the shelter 12 to 6 pm daily,2025-11-26,"2741 South Western AvenueChicago, IL 60608",Chicago Animal Care and Control,(312) 747-1406,https://cityofchicago.org/cacc,https://24petconnect.com/chgoall/Details/CHGO/A303045
A303056,Unknown,Male,Available,2025/10/24,,My age is unknown,"male, black and white Chihuahua - Smooth Coated","6300 Block S Calumet Ave, Chicago, Il 60637",,Visit the shelter 12 to 6 pm daily,2025-11-26,"2741 South Western AvenueChicago, IL 60608",Chicago Animal Care and Control,(312) 747-1406,https://cityofchicago.org/cacc,https://24petconnect.com/chgoall/Details/CHGO/A303056
A303057,Bessie,Spayed Female,Available,2025/10/24,,4 years old,"spayed female, gray and white American Pit Bull Terrier",Kelly Park Archer/California,,Visit the shelter 12 to 6 pm daily,2025-11-26,"2741 South Western AvenueChicago, IL 60608",Chicago Animal Care and Control,(312) 747-1406,https://cityofchicago.org/cacc,https://24petconnect.com/chgoall/Details/CHGO/A303057
A303066,Tullie,Spayed Female,Adopted,,2025/11/21,1 year,"spayed female, brown brindle American Pit Bull Terrier",,,Please take a look at some of my other buddies in the shelter,2025-11-26,"2741 South Western AvenueChicago, IL 60608",Chicago Animal Care and Control,(312) 747-1406,https://cityofchicago.org/cacc,https://24petconnect.com/chgoall/Details/CHGO/A303066
A303073,Tennessee,Female,Available,2025/10/24,,My age is unknown,"female, tan and white American Pit Bull Terrier","5200 Block W Quincy St, Chicago, Il 60644",,Visit the shelter 12 to 6 pm daily,2025-11-26,"2741 South Western AvenueChicago, IL 60608",Chicago Animal Care and Control,(312) 747-1406,https://cityofchicago.org/cacc,https://24petconnect.com/chgoall/Details/CHGO/A303073
A303085,Wonder Bread,Male,Available,2025/10/24,,My age is unknown,"male, black and white American Pit Bull Terrier","6100 Block S Artesian Ave, Chicago Il 60629",,Visit the shelter 12 to 6 pm daily,2025-11-26,"2741 South Western AvenueChicago, IL 60608",Chicago Animal Care and Control,(312) 747-1406,https://cityofchicago.org/cacc,https://24petconnect.com/chgoall/Details/CHGO/A303085
A303122,Wisp,Female,Available,2025/10/25,,My age is unknown,"female, tan American Pit Bull Terrier","7000 Block S Cottage Grove Chicago, Il 60637",,Visit the shelter 12 to 6 pm daily,2025-11-26,"2741 South Western AvenueChicago, IL 60608",Chicago Animal Care and Control,(312) 747-1406,https://cityofchicago.org/cacc,https://24petconnect.com/chgoall/Details/CHGO/A303122
A303127,Poe,Neutered Male,Adopted,,2025/11/25,3 years old,"neutered male, gray and white American Staffordshire Terrier",,,Please take a look at some of my other buddies in the shelter,2025-11-26,"2741 South Western AvenueChicago, IL 60608",Chicago Animal Care and Control,(312) 747-1406,https://cityofchicago.org/cacc,https://24petconnect.com/chgoall/Details/CHGO/A303127
A303132,Mitra,Female,Available,2025/10/25,,My age is unknown,"female, black and white American Pit Bull Terrier",,,Visit the shelter 12 to 6 pm daily,2025-11-26,"2741 South Western AvenueChicago, IL 60608",Chicago Animal Care and Control,(312) 747-1406,https://cityofchicago.org/cacc,https://24petconnect.com/chgoall/Details/CHGO/A303132
A303136,Drogan,Neutered Male,Available,2025/10/25,,9 years old,"neutered male, gray and white Cane Corso mix",,,Visit the shelter 12 to 6 pm daily,2025-11-26,"2741 South Western AvenueChicago, IL 60608",Chicago Animal Care and Control,(312) 747-1406,https://cityofchicago.org/cacc,https://24petconnect.com/chgoall/Details/CHGO/A303136
A303222,Luscious,Female,Available,2025/10/27,,My age is unknown,"female, gray and white American Pit Bull Terrier mix",,,Visit the shelter 12 to 6 pm daily,2025-11-26,"2741 South Western AvenueChicago, IL 60608",Chicago Animal Care and Control,(312) 747-1406,https://cityofchicago.org/cacc,https://24petconnect.com/chgoall/Details/CHGO/A303222
A303250,Dracula,Male,Available,2025/10/27,,My age is unknown,"male, gray and white American Pit Bull Terrier","100 Block W 112Th Pl Chicago, Il 60628",,Visit the shelter 12 to 6 pm daily,2025-11-26,"2741 South Western AvenueChicago, IL 60608",Chicago Animal Care and Control,(312) 747-1406,https://cityofchicago.org/cacc,https://24petconnect.com/chgoall/Details/CHGO/A303250
A303265,Avril,Female,Available,2025/10/28,,1 year and 1 month old,"female, black and white American Pit Bull Terrier","8300 Block S Francisco Ave, Chicago, Il 60652",,Visit the shelter 12 to 6 pm daily,2025-11-26,"2741 South Western AvenueChicago, IL 60608",Chicago Animal Care and Control,(312) 747-1406,https://cityofchicago.org/cacc,https://24petconnect.com/chgoall/Details/CHGO/A303265
A303294,Brisko,Neutered Male,Available,2025/11/18,,7 years old,"neutered male, chocolate and white American Pit Bull Terrier",,,Visit the shelter 12 to 6 pm daily,2025-11-26,"2741 South Western AvenueChicago, IL 60608",Chicago Animal Care and Control,(312) 747-1406,https://cityofchicago.org/cacc,https://24petconnect.com/chgoall/Details/CHGO/A303294
A303318,Jazzie,Female,Available,2025/10/29,,My age is unknown,"female, brown brindle and white American Pit Bull Terrier","0 Block W 77Th Pl, Chicago, Il 60620",,Visit the shelter 12 to 6 pm daily,2025-11-26,"2741 South Western AvenueChicago, IL 60608",Chicago Animal Care and Control,(312) 747-1406,https://cityofchicago.org/cacc,https://24petconnect.com/chgoall/Details/CHGO/A303318
A303357,Callista,Female,Available,2025/10/29,,My age is unknown,"female, white American Pit Bull Terrier","6500 Block S Ashland Ave, Chicago Il 60636",,Visit the shelter 12 to 6 pm daily,2025-11-26,"2741 South Western AvenueChicago, IL 60608",Chicago Animal Care and Control,(312) 747-1406,https://cityofchicago.org/cacc,https://24petconnect.com/chgoall/Details/CHGO/A303357
A303359,Elowen,Female,Available,2025/10/30,,2 years old,"female, fawn American Pit Bull Terrier","7300 Block S Aberdeen St, Chicago, Il 60621",,Visit the shelter 12 to 6 pm daily,2025-11-26,"2741 South Western AvenueChicago, IL 60608",Chicago Animal Care and Control,(312) 747-1406,https://cityofchicago.org/cacc,https://24petconnect.com/chgoall/Details/CHGO/A303359
A303373,Chia,Female,Available,2025/10/30,,1 year and 5 months old,"female, black and white Labrador Retriever mix",,,Visit the shelter 12 to 6 pm daily,2025-11-26,"2741 South Western AvenueChicago, IL 60608",Chicago Animal Care and Control,(312) 747-1406,https://cityofchicago.org/cacc,https://24petconnect.com/chgoall/Details/CHGO/A303373
A303374,Crosby,Male,Available,2025/10/30,,1 year and 5 months old,"male, brown and white Labrador Retriever mix",,,Visit the shelter 12 to 6 pm daily,2025-11-26,"2741 South Western AvenueChicago, IL 60608",Chicago Animal Care and Control,(312) 747-1406,https://cityofchicago.org/cacc,https://24petconnect.com/chgoall/Details/CHGO/A303374
A303389,Bailey,Female,Available,2025/10/30,,4 years old,"female, black and white American Pit Bull Terrier mix",,,Visit the shelter 12 to 6 pm daily,2025-11-26,"2741 South Western AvenueChicago, IL 60608",Chicago Animal Care and Control,(312) 747-1406,https://cityofchicago.org/cacc,https://24petconnect.com/chgoall/Details/CHGO/A303389
A303416,Ridley,Female,Available,2025/10/31,,1 year and 4 months old,"female, black Labrador Retriever",,,Visit the shelter 12 to 6 pm daily,2025-11-26,"2741 South Western AvenueChicago, IL 60608",Chicago Animal Care and Control,(312) 747-1406,https://cityofchicago.org/cacc,https://24petconnect.com/chgoall/Details/CHGO/A303416
A303417,Orin,Male,Available,2025/10/31,,6 months old,"male, white and brown brindle American Pit Bull Terrier",,,Visit the shelter 12 to 6 pm daily,2025-11-26,"2741 South Western AvenueChicago, IL 60608",Chicago Animal Care and Control,(312) 747-1406,https://cityofchicago.org/cacc,https://24petconnect.com/chgoall/Details/CHGO/A303417
A303432,Ramen Noodles,Male,Transferred to Mit Liebe German Shepherd Dog Rescue,,2025/11/23,My age is unknown,"male, black and brown German Shepherd Dog",,,Please take a look at some of my other buddies in the shelter,2025-11-26,"2741 South Western AvenueChicago, IL 60608",Chicago Animal Care and Control,(312) 747-1406,https://cityofchicago.org/cacc,https://24petconnect.com/chgoall/Details/CHGO/A303432
A303434,Salina,Female,Available,2025/11/01,,My age is unknown,"female, black and white American Pit Bull Terrier","6500 Block S Sangamon St, Chicago, Il 60621",,Visit the shelter 12 to 6 pm daily,2025-11-26,"2741 South Western AvenueChicago, IL 60608",Chicago Animal Care and Control,(312) 747-1406,https://cityofchicago.org/cacc,https://24petconnect.com/chgoall/Details/CHGO/A303434
A303443,Arden,Spayed Female,Available,2025/11/01,,6 years old,"spayed female, gray and white American Pit Bull Terrier",7300 Block S Princeton Ave Chicago Il 60621,,Visit the shelter 12 to 6 pm daily,2025-11-26,"2741 South Western AvenueChicago, IL 60608",Chicago Animal Care and Control,(312) 747-1406,https://cityofchicago.org/cacc,https://24petconnect.com/chgoall/Details/CHGO/A303443
A303445,Noggin,Male,Available,2025/11/01,,My age is unknown,"male, gray and white American Pit Bull Terrier",7300 Block S Princeton Ave Chicago Il 60621,,Visit the shelter 12 to 6 pm daily,2025-11-26,"2741 South Western AvenueChicago, IL 60608",Chicago Animal Care and Control,(312) 747-1406,https://cityofchicago.org/cacc,https://24petconnect.com/chgoall/Details/CHGO/A303445
A303468,Irma,Female,Available,2025/11/01,,My age is unknown,"female, black brindle and white American Pit Bull Terrier","4200 Block W 16Th St Chicago, Il 60623",,Visit the shelter 12 to 6 pm daily,2025-11-26,"2741 South Western AvenueChicago, IL 60608",Chicago Animal Care and Control,(312) 747-1406,https://cityofchicago.org/cacc,https://24petconnect.com/chgoall/Details/CHGO/A303468
A303472,Duna,Female,Available,2025/11/02,,My age is unknown,"female, tan American Pit Bull Terrier","2700 Block S Western Ave Chicago, Il 60608",,Visit the shelter 12 to 6 pm daily,2025-11-26,"2741 South Western AvenueChicago, IL 60608",Chicago Animal Care and Control,(312) 747-1406,https://cityofchicago.org/cacc,https://24petconnect.com/chgoall/Details/CHGO/A303472
A303480,Bluto,Male,Available,2025/11/02,,7 years old,"male, gray and white American Pit Bull Terrier",,,Visit the shelter 12 to 6 pm daily,2025-11-26,"2741 South Western AvenueChicago, IL 60608",Chicago Animal Care and Control,(312) 747-1406,https://cityofchicago.org/cacc,https://24petconnect.com/chgoall/Details/CHGO/A303480
A303492,Kiki,Female,Available,2025/11/02,,My age is unknown,"female, black American Pit Bull Terrier",9100 Block S Michigan Ave Chicago Il 6019,,Visit the shelter 12 to 6 pm daily,2025-11-26,"2741 South Western AvenueChicago, IL 60608",Chicago Animal Care and Control,(312) 747-1406,https://cityofchicago.org/cacc,https://24petconnect.com/chgoall/Details/CHGO/A303492
A303506,Randie,Female,Transferred to Heartland Animal Shelter,,2025/11/25,My age is unknown,"female, brown American Pit Bull Terrier",,,Please take a look at some of my other buddies in the shelter,2025-11-26,"2741 South Western AvenueChicago, IL 60608",Chicago Animal Care and Control,(312) 747-1406,https://cityofchicago.org/cacc,https://24petconnect.com/chgoall/Details/CHGO/A303506
A303509,Proton,Male,Available,2025/11/03,,My age is unknown,"male, gray tiger American Pit Bull Terrier","8000 Block S Perry Ave, Chicago Il 60620",,Visit the shelter 12 to 6 pm daily,2025-11-26,"2741 South Western AvenueChicago, IL 60608",Chicago Animal Care and Control,(312) 747-1406,https://cityofchicago.org/cacc,https://24petconnect.com/chgoall/Details/CHGO/A303509
A303510,Neutron,Male,Available,2025/11/03,,My age is unknown,"male, gray tiger American Pit Bull Terrier","8000 Block S Perry Ave, Chicago Il 60620",,Visit the shelter 12 to 6 pm daily,2025-11-26,"2741 South Western AvenueChicago, IL 60608",Chicago Animal Care and Control,(312) 747-1406,https://cityofchicago.org/cacc,https://24petconnect.com/chgoall/Details/CHGO/A303510
A303517,Miette,Spayed Female,Available,2025/11/03,,My age is unknown,"spayed female, gray American Pit Bull Terrier","7700 Block S Loomis St, Chicago Il 60620",,Visit the shelter 12 to 6 pm daily,2025-11-26,"2741 South Western AvenueChicago, IL 60608",Chicago Animal Care and Control,(312) 747-1406,https://cityofchicago.org/cacc,https://24petconnect.com/chgoall/Details/CHGO/A303517
A303547,Biff,Male,Available,2025/11/03,,My age is unknown,"male, cream Labrador Retriever and Siberian Husky","9800 Block S Prospect Sq, Chicago Il 60643",,Visit the shelter 12 to 6 pm daily,2025-11-26,"2741 South Western AvenueChicago, IL 60608",Chicago Animal Care and Control,(312) 747-1406,https://cityofchicago.org/cacc,https://24petconnect.com/chgoall/Details/CHGO/A303547
A303548,Angelhair,Female,Available,2025/11/03,,My age is unknown,"female, tan American Pit Bull Terrier","3100 Block W Harrison St, Chicago Il 60612",,Visit the shelter 12 to 6 pm daily,2025-11-26,"2741 South Western AvenueChicago, IL 60608",Chicago Animal Care and Control,(312) 747-1406,https://cityofchicago.org/cacc,https://24petconnect.com/chgoall/Details/CHGO/A303548
A303551,Adar,Male,Available,2025/11/04,,My age is unknown,"male, gray American Pit Bull Terrier","4500 Block W Carroll Dr, Chicago, Il 60624",,Visit the shelter 12 to 6 pm daily,2025-11-26,"2741 South Western AvenueChicago, IL 60608",Chicago Animal Care and Control,(312) 747-1406,https://cityofchicago.org/cacc,https://24petconnect.com/chgoall/Details/CHGO/A303551
A303554,Dodie,Spayed Female,Adopted,,2025/11/24,10 months old,"spayed female, cream Siberian Husky mix",,,Please take a look at some of my other buddies in the shelter,2025-11-26,"2741 South Western AvenueChicago, IL 60608",Chicago Animal Care and Control,(312) 747-1406,https://cityofchicago.org/cacc,https://24petconnect.com/chgoall/Details/CHGO/A303554
A303575,Butchie,Male,"Transferred to Dark Horse Dogs, Nfp",,2025/11/21,8 months old,"male, gray and white American Pit Bull Terrier and American Staffordshire Terrier",,,Please take a look at some of my other buddies in the shelter,2025-11-26,"2741 South Western AvenueChicago, IL 60608",Chicago Animal Care and Control,(312) 747-1406,https://cityofchicago.org/cacc,https://24petconnect.com/chgoall/Details/CHGO/A303575
A303583,Brownie Batter,Female,Available,2025/11/04,,8 years old,"female, brown and white American Pit Bull Terrier",,,Visit the shelter 12 to 6 pm daily,2025-11-26,"2741 South Western AvenueChicago, IL 60608",Chicago Animal Care and Control,(312) 747-1406,https://cityofchicago.org/cacc,https://24petconnect.com/chgoall/Details/CHGO/A303583
A303602,Strauss,Male,Available,2025/11/05,,My age is unknown,"male, black and white American Pit Bull Terrier and Boxer",,,Visit the shelter 12 to 6 pm daily,2025-11-26,"2741 South Western AvenueChicago, IL 60608",Chicago Animal Care and Control,(312) 747-1406,https://cityofchicago.org/cacc,https://24petconnect.com/chgoall/Details/CHGO/A303602
A303658,Kalabaka,Female,Available,2025/11/05,,My age is unknown,"female, tan and white American Pit Bull Terrier","1600 Block S Trumbull Ave, Chicago Il 60623",,Visit the shelter 12 to 6 pm daily,2025-11-26,"2741 South Western AvenueChicago, IL 60608",Chicago Animal Care and Control,(312) 747-1406,https://cityofchicago.org/cacc,https://24petconnect.com/chgoall/Details/CHGO/A303658
A303669,Raya,Female,Available,2025/11/06,,My age is unknown,"female, black and white American Pit Bull Terrier","4800 Block W Westend Chicago,ill 60644",,Visit the shelter 12 to 6 pm daily,2025-11-26,"2741 South Western AvenueChicago, IL 60608",Chicago Animal Care and Control,(312) 747-1406,https://cityofchicago.org/cacc,https://24petconnect.com/chgoall/Details/CHGO/A303669
A303680,Bohdi Beach,Neutered Male,Available,2025/11/06,,5 years old,"neutered male, tan and black Alaskan Husky and German Shepherd Dog",,,Visit the shelter 12 to 6 pm daily,2025-11-26,"2741 South Western AvenueChicago, IL 60608",Chicago Animal Care and Control,(312) 747-1406,https://cityofchicago.org/cacc,https://24petconnect.com/chgoall/Details/CHGO/A303680
A303696,Sabine,Female,Available,2025/11/06,,My age is unknown,"female, brown Bullmastiff",8400 Block S State St Chicago Il 60620,,Visit the shelter 12 to 6 pm daily,2025-11-26,"2741 South Western AvenueChicago, IL 60608",Chicago Animal Care and Control,(312) 747-1406,https://cityofchicago.org/cacc,https://24petconnect.com/chgoall/Details/CHGO/A303696
A303698,Highway,Male,Available,2025/11/06,,My age is unknown,"male, gray and white American Pit Bull Terrier","9000 Block S Harvard Ave Chicago, Il 60620",,Visit the shelter 12 to 6 pm daily,2025-11-26,"2741 South Western AvenueChicago, IL 60608",Chicago Animal Care and Control,(312) 747-1406,https://cityofchicago.org/cacc,https://24petconnect.com/chgoall/Details/CHGO/A303698
A303723,Masha,Female,Available,2025/11/07,,My age is unknown,"female, gray and white American Pit Bull Terrier","5100 Block S Wentworth Ave, Chicago Il 60609",,Visit the shelter 12 to 6 pm daily,2025-11-26,"2741 South Western AvenueChicago, IL 60608",Chicago Animal Care and Control,(312) 747-1406,https://cityofchicago.org/cacc,https://24petconnect.com/chgoall/Details/CHGO/A303723
A303743,Milosh,Male,Available,2025/11/07,,1 year,"male, brown brindle and white American Pit Bull Terrier mix",,,Visit the shelter 12 to 6 pm daily,2025-11-26,"2741 South Western AvenueChicago, IL 60608",Chicago Animal Care and Control,(312) 747-1406,https://cityofchicago.org/cacc,https://24petconnect.com/chgoall/Details/CHGO/A303743
A303748,Whiskers,Male,Available,2025/11/07,,My age is unknown,"male, tan and white American Pit Bull Terrier","2200 Block E 103Rd St, Chicago Il 60617",,Visit the shelter 12 to 6 pm daily,2025-11-26,"2741 South Western AvenueChicago, IL 60608",Chicago Animal Care and Control,(312) 747-1406,https://cityofchicago.org/cacc,https://24petconnect.com/chgoall/Details/CHGO/A303748
A303749,Aurora,Female,Available,2025/11/07,,7 months old,"female, tan and white American Pit Bull Terrier","2200 Block E 103Rd St, Chicago, Il 60617",,Visit the shelter 12 to 6 pm daily,2025-11-26,"2741 South Western AvenueChicago, IL 60608",Chicago Animal Care and Control,(312) 747-1406,https://cityofchicago.org/cacc,https://24petconnect.com/chgoall/Details/CHGO/A303749
A303763,Danita,Female,Available,2025/11/08,,My age is unknown,"female, black and white Labrador Retriever mix","4700 Block S Ashland Ave, Chicago Il 60609",,Visit the shelter 12 to 6 pm daily,2025-11-26,"2741 South Western AvenueChicago, IL 60608",Chicago Animal Care and Control,(312) 747-1406,https://cityofchicago.org/cacc,https://24petconnect.com/chgoall/Details/CHGO/A303763
A303772,Geyser,Male,Available,2025/11/08,,My age is unknown,"male, tan and white American Pit Bull Terrier","4200 Block W Gladys Ave, Chicago, Il 60624",,Visit the shelter 12 to 6 pm daily,2025-11-26,"2741 South Western AvenueChicago, IL 60608",Chicago Animal Care and Control,(312) 747-1406,https://cityofchicago.org/cacc,https://24petconnect.com/chgoall/Details/CHGO/A303772
A303782,Blueberry,Female,Available,2025/11/08,,My age is unknown,"female, silver American Pit Bull Terrier",,,Visit the shelter 12 to 6 pm daily,2025-11-26,"2741 South Western AvenueChicago, IL 60608",Chicago Animal Care and Control,(312) 747-1406,https://cityofchicago.org/cacc,https://24petconnect.com/chgoall/Details/CHGO/A303782
A303799,Vivaldi,Male,Available,2025/11/08,,My age is unknown,"male, black and white American Pit Bull Terrier","7100 Block S Shore Dr, Chicago Il 60649",,Visit the shelter 12 to 6 pm daily,2025-11-26,"2741 South Western AvenueChicago, IL 60608",Chicago Animal Care and Control,(312) 747-1406,https://cityofchicago.org/cacc,https://24petconnect.com/chgoall/Details/CHGO/A303799
A303800,Jace,Male,Available,2025/11/08,,1 year and 4 months old,"male, white and black brindle American Pit Bull Terrier",,,Visit the shelter 12 to 6 pm daily,2025-11-26,"2741 South Western AvenueChicago, IL 60608",Chicago Animal Care and Control,(312) 747-1406,https://cityofchicago.org/cacc,https://24petconnect.com/chgoall/Details/CHGO/A303800
A303802,Apostolos,Male,Available,2025/11/08,,1 year and 4 months old,"male, apricot and white American Pit Bull Terrier",,,Visit the shelter 12 to 6 pm daily,2025-11-26,"2741 South Western AvenueChicago, IL 60608",Chicago Animal Care and Control,(312) 747-1406,https://cityofchicago.org/cacc,https://24petconnect.com/chgoall/Details/CHGO/A303802
A303833,Sea Lion,Female,Available,2025/11/09,,My age is unknown,"female, tan American Pit Bull Terrier",5600 Block S Maplewood Ave Chicago Il 60629,,Visit the shelter 12 to 6 pm daily,2025-11-26,"2741 South Western AvenueChicago, IL 60608",Chicago Animal Care and Control,(312) 747-1406,https://cityofchicago.org/cacc,https://24petconnect.com/chgoall/Details/CHGO/A303833
A303837,Terminator,Male,Available,2025/11/09,,My age is unknown,"male, black brindle American Pit Bull Terrier",11200 Block S Langley,,Visit the shelter 12 to 6 pm daily,2025-11-26,"2741 South Western AvenueChicago, IL 60608",Chicago Animal Care and Control,(312) 747-1406,https://cityofchicago.org/cacc,https://24petconnect.com/chgoall/Details/CHGO/A303837
A303882,Piers,Male,Transferred to One Tail At A Time,,2025/11/26,My age is unknown,"male, black and white Labrador Retriever",,,Please take a look at some of my other buddies in the shelter,2025-11-26,"2741 South Western AvenueChicago, IL 60608",Chicago Animal Care and Control,(312) 747-1406,https://cityofchicago.org/cacc,https://24petconnect.com/chgoall/Details/CHGO/A303882
A303887,Storm,Spayed Female,Adopted,,2025/11/24,11 months old,"spayed female, brown brindle and white Boxer mix",,,Please take a look at some of my other buddies in the shelter,2025-11-26,"2741 South Western AvenueChicago, IL 60608",Chicago Animal Care and Control,(312) 747-1406,https://cityofchicago.org/cacc,https://24petconnect.com/chgoall/Details/CHGO/A303887
A303888,Constantine,Male,Available,2025/11/11,,My age is unknown,"male, gray and white American Pit Bull Terrier",,,Visit the shelter 12 to 6 pm daily,2025-11-26,"2741 South Western AvenueChicago, IL 60608",Chicago Animal Care and Control,(312) 747-1406,https://cityofchicago.org/cacc,https://24petconnect.com/chgoall/Details/CHGO/A303888
A303889,Serendipity,Female,Available,2025/11/11,,My age is unknown,"female, brown and white American Pit Bull Terrier",,,Visit the shelter 12 to 6 pm daily,2025-11-26,"2741 South Western AvenueChicago, IL 60608",Chicago Animal Care and Control,(312) 747-1406,https://cityofchicago.org/cacc,https://24petconnect.com/chgoall/Details/CHGO/A303889
A303891,Bastian,Male,Available,2025/11/10,,My age is unknown,"male, gray and white American Pit Bull Terrier",,,Visit the shelter 12 to 6 pm daily,2025-11-26,"2741 South Western AvenueChicago, IL 60608",Chicago Animal Care and Control,(312) 747-1406,https://cityofchicago.org/cacc,https://24petconnect.com/chgoall/Details/CHGO/A303891
A303894,Willow,Female,Transferred to Midwest Working Dog Rescue,,2025/11/20,My age is unknown,"female, brown and black Belgian Malinois",,,Please take a look at some of my other buddies in the shelter,2025-11-26,"2741 South Western AvenueChicago, IL 60608",Chicago Animal Care and Control,(312) 747-1406,https://cityofchicago.org/cacc,https://24petconnect.com/chgoall/Details/CHGO/A303894
A303901,Jigsaw,Female,Available,2025/11/11,,My age is unknown,"female, brown brindle Labrador Retriever mix","4400 Block S Ashland Ave, Chicago Il 60609",,Visit the shelter 12 to 6 pm daily,2025-11-26,"2741 South Western AvenueChicago, IL 60608",Chicago Animal Care and Control,(312) 747-1406,https://cityofchicago.org/cacc,https://24petconnect.com/chgoall/Details/CHGO/A303901
A303935,Dorcas,Female,Available,2025/11/11,,My age is unknown,"female, black and brown German Shepherd Dog","2700 Block S Prairie Ave, Chicago Il 60616",,Visit the shelter 12 to 6 pm daily,2025-11-26,"2741 South Western AvenueChicago, IL 60608",Chicago Animal Care and Control,(312) 747-1406,https://cityofchicago.org/cacc,https://24petconnect.com/chgoall/Details/CHGO/A303935
A303944,Primo,Male,Available,2025/11/11,,My age is unknown,"male, gray American Pit Bull Terrier","7300 Block S Honore St, Chicago Il 60636",,Visit the shelter 12 to 6 pm daily,2025-11-26,"2741 South Western AvenueChicago, IL 60608",Chicago Animal Care and Control,(312) 747-1406,https://cityofchicago.org/cacc,https://24petconnect.com/chgoall/Details/CHGO/A303944
A303953,Nikini,Spayed Female,Available,2025/11/11,,2 years,"spayed female, gray American Pit Bull Terrier",,,Visit the shelter 12 to 6 pm daily,2025-11-26,"2741 South Western AvenueChicago, IL 60608",Chicago Animal Care and Control,(312) 747-1406,https://cityofchicago.org/cacc,https://24petconnect.com/chgoall/Details/CHGO/A303953
A303954,Sigfrido,Male,Available,2025/11/11,,My age is unknown,"male, gray American Pit Bull Terrier",6400 Block S Parnell Chicago Il 60621,,Visit the shelter 12 to 6 pm daily,2025-11-26,"2741 South Western AvenueChicago, IL 60608",Chicago Animal Care and Control,(312) 747-1406,https://cityofchicago.org/cacc,https://24petconnect.com/chgoall/Details/CHGO/A303954
A303966,Eli,Male,Available,2025/11/12,,My age is unknown,"male, brown and white American Pit Bull Terrier",,,Visit the shelter 12 to 6 pm daily,2025-11-26,"2741 South Western AvenueChicago, IL 60608",Chicago Animal Care and Control,(312) 747-1406,https://cityofchicago.org/cacc,https://24petconnect.com/chgoall/Details/CHGO/A303966
A303967,Edy,Female,Available,2025/11/12,,My age is unknown,"female, brown and white American Pit Bull Terrier",,,Visit the shelter 12 to 6 pm daily,2025-11-26,"2741 South Western AvenueChicago, IL 60608",Chicago Animal Care and Control,(312) 747-1406,https://cityofchicago.org/cacc,https://24petconnect.com/chgoall/Details/CHGO/A303967
A303970,Hannah,Female,Transferred to German Shepherd Rescue Inc.,,2025/11/21,My age is unknown,"female, brown and black German Shepherd Dog",,,Please take a look at some of my other buddies in the shelter,2025-11-26,"2741 South Western AvenueChicago, IL 60608",Chicago Animal Care and Control,(312) 747-1406,https://cityofchicago.org/cacc,https://24petconnect.com/chgoall/Details/CHGO/A303970
A303992,Walter,Male,Available,2025/11/12,,My age is unknown,"male, black and tan German Shepherd Dog mix","4800 Block S Winchester Ave, Chicago Il 60609",,Visit the shelter 12 to 6 pm daily,2025-11-26,"2741 South Western AvenueChicago, IL 60608",Chicago Animal Care and Control,(312) 747-1406,https://cityofchicago.org/cacc,https://24petconnect.com/chgoall/Details/CHGO/A303992
A304004,Anya,Spayed Female,Adopted,,2025/11/20,1 year,"spayed female, cream Siberian Husky and German Shepherd Dog",,,Please take a look at some of my other buddies in the shelter,2025-11-26,"2741 South Western AvenueChicago, IL 60608",Chicago Animal Care and Control,(312) 747-1406,https://cityofchicago.org/cacc,https://24petconnect.com/chgoall/Details/CHGO/A304004
A304006,Delano,Male,Available,2025/11/12,,My age is unknown,"male, brown and cream Alaskan Husky","5500 Block S Throop St, Chicago Il 60636",,Visit the shelter 12 to 6 pm daily,2025-11-26,"2741 South Western AvenueChicago, IL 60608",Chicago Animal Care and Control,(312) 747-1406,https://cityofchicago.org/cacc,https://24petconnect.com/chgoall/Details/CHGO/A304006
A304012,Zorro,Male,Available,2025/11/12,,2 years,"male, black and white American Pit Bull Terrier",,,Visit the shelter 12 to 6 pm daily,2025-11-26,"2741 South Western AvenueChicago, IL 60608",Chicago Animal Care and Control,(312) 747-1406,https://cityofchicago.org/cacc,https://24petconnect.com/chgoall/Details/CHGO/A304012
A304013,Foxina,Female,Available,2025/11/12,,4 years old,"female, black and white Alaskan Husky",,,Visit the shelter 12 to 6 pm daily,2025-11-26,"2741 South Western AvenueChicago, IL 60608",Chicago Animal Care and Control,(312) 747-1406,https://cityofchicago.org/cacc,https://24petconnect.com/chgoall/Details/CHGO/A304013
A304015,Lunita,Female,Available,2025/11/12,,6 years old,"female, black and white Alaskan Husky",,,Visit the shelter 12 to 6 pm daily,2025-11-26,"2741 South Western AvenueChicago, IL 60608",Chicago Animal Care and Control,(312) 747-1406,https://cityofchicago.org/cacc,https://24petconnect.com/chgoall/Details/CHGO/A304015
A304018,Jeremy,Neutered Male,Available,2025/11/12,,1 year and 5 months old,"neutered male, brown and white American Pit Bull Terrier","7400 Block S Kenwood Ave, Chicago Il 60619",,Visit the shelter 12 to 6 pm daily,2025-11-26,"2741 South Western AvenueChicago, IL 60608",Chicago Animal Care and Control,(312) 747-1406,https://cityofchicago.org/cacc,https://24petconnect.com/chgoall/Details/CHGO/A304018
A304034,Elyse,Female,Available,2025/11/13,,My age is unknown,"female, apricot American Pit Bull Terrier","4500 Block W Van Buren St, Chicago, Il 60624",,Visit the shelter 12 to 6 pm daily,2025-11-26,"2741 South Western AvenueChicago, IL 60608",Chicago Animal Care and Control,(312) 747-1406,https://cityofchicago.org/cacc,https://24petconnect.com/chgoall/Details/CHGO/A304034
A304036,Llana,Female,Available,2025/11/13,,My age is unknown,"female, black and white American Pit Bull Terrier","3600 Block S State St, Chicago Il 60609",,Visit the shelter 12 to 6 pm daily,2025-11-26,"2741 South Western AvenueChicago, IL 60608",Chicago Animal Care and Control,(312) 747-1406,https://cityofchicago.org/cacc,https://24petconnect.com/chgoall/Details/CHGO/A304036
A304037,Barton,Male,Available,2025/11/13,,My age is unknown,"male, brown and white American Pit Bull Terrier","200 Block S Troy St, Chicago, Il 60612",,Visit the shelter 12 to 6 pm daily,2025-11-26,"2741 South Western AvenueChicago, IL 60608",Chicago Animal Care and Control,(312) 747-1406,https://cityofchicago.org/cacc,https://24petconnect.com/chgoall/Details/CHGO/A304037
A304038,Vivi,Female,Available,2025/11/13,,My age is unknown,"female, black American Pit Bull Terrier","200 Block S Troy St, Chicago, Il 60612",,Visit the shelter 12 to 6 pm daily,2025-11-26,"2741 South Western AvenueChicago, IL 60608",Chicago Animal Care and Control,(312) 747-1406,https://cityofchicago.org/cacc,https://24petconnect.com/chgoall/Details/CHGO/A304038
A304044,Cary,Male,Available,2025/11/13,,11 months old,"male, brown and white Siberian Husky",,,Visit the shelter 12 to 6 pm daily,2025-11-26,"2741 South Western AvenueChicago, IL 60608",Chicago Animal Care and Control,(312) 747-1406,https://cityofchicago.org/cacc,https://24petconnect.com/chgoall/Details/CHGO/A304044
A304046,Atticus,Male,Available,2025/11/13,,My age is unknown,"male, brown brindle Cane Corso","8800 Block S Lowe Ave, Chicago Il 60620",,Visit the shelter 12 to 6 pm daily,2025-11-26,"2741 South Western AvenueChicago, IL 60608",Chicago Animal Care and Control,(312) 747-1406,https://cityofchicago.org/cacc,https://24petconnect.com/chgoall/Details/CHGO/A304046
A304051,Cali,Spayed Female,Adopted,,2025/11/22,3 years old,"spayed female, brown Boxer mix",,,Please take a look at some of my other buddies in the shelter,2025-11-26,"2741 South Western AvenueChicago, IL 60608",Chicago Animal Care and Control,(312) 747-1406,https://cityofchicago.org/cacc,https://24petconnect.com/chgoall/Details/CHGO/A304051
A304054,Declynn,Female,Available,2025/11/13,,My age is unknown,"female, gray and white American Pit Bull Terrier","400 Block N Lawler Ave, Chicago Il 60644",,Visit the shelter 12 to 6 pm daily,2025-11-26,"2741 South Western AvenueChicago, IL 60608",Chicago Animal Care and Control,(312) 747-1406,https://cityofchicago.org/cacc,https://24petconnect.com/chgoall/Details/CHGO/A304054
A304056,Nutty Buddy,Male,Available,2025/11/13,,My age is unknown,"male, gray and brown American Pit Bull Terrier mix","2600 Block E 73Rd St, Chicago Il 60649",,Visit the shelter 12 to 6 pm daily,2025-11-26,"2741 South Western AvenueChicago, IL 60608",Chicago Animal Care and Control,(312) 747-1406,https://cityofchicago.org/cacc,https://24petconnect.com/chgoall/Details/CHGO/A304056
A304067,Frawley,Male,Available,2025/11/13,,My age is unknown,"male, tan and white American Pit Bull Terrier","8600 Block S Cottage Grove Ave, Chicago Il 60619",,Visit the shelter 12 to 6 pm daily,2025-11-26,"2741 South Western AvenueChicago, IL 60608",Chicago Animal Care and Control,(312) 747-1406,https://cityofchicago.org/cacc,https://24petconnect.com/chgoall/Details/CHGO/A304067
A304074,Ansel,Male,Available,2025/11/14,,My age is unknown,"male, black and white American Pit Bull Terrier","6400 Block S Minerva Ave, Chicago Il 60637",,Visit the shelter 12 to 6 pm daily,2025-11-26,"2741 South Western AvenueChicago, IL 60608",Chicago Animal Care and Control,(312) 747-1406,https://cityofchicago.org/cacc,https://24petconnect.com/chgoall/Details/CHGO/A304074
A304075,Unknown,Spayed Female,Available,2025/11/14,,1 year and 6 months old,"spayed female, black and tan Yorkshire Terrier",,,Visit the shelter 12 to 6 pm daily,2025-11-26,"2741 South Western AvenueChicago, IL 60608",Chicago Animal Care and Control,(312) 747-1406,https://cityofchicago.org/cacc,https://24petconnect.com/chgoall/Details/CHGO/A304075
A304082,Unknown,Male,Transferred to Il Doberman Rescue Plus,,2025/11/20,My age is unknown,"male, black and apricot Doberman Pinscher mix",,,Please take a look at some of my other buddies in the shelter,2025-11-26,"2741 South Western AvenueChicago, IL 60608",Chicago Animal Care and Control,(312) 747-1406,https://cityofchicago.org/cacc,https://24petconnect.com/chgoall/Details/CHGO/A304082
A304090,Prescott,Male,Available,2025/11/14,,My age is unknown,"male, brown brindle American Pit Bull Terrier","700 Block S Oakley Blvd, Chicago Il 60612",,Visit the shelter 12 to 6 pm daily,2025-11-26,"2741 South Western AvenueChicago, IL 60608",Chicago Animal Care and Control,(312) 747-1406,https://cityofchicago.org/cacc,https://24petconnect.com/chgoall/Details/CHGO/A304090
A304095,Chocolate Chip,Female,Transferred to Tails Together Co,,2025/11/25,12 years old,"female, chocolate Miniature Pinscher mix",,,Please take a look at some of my other buddies in the shelter,2025-11-26,"2741 South Western AvenueChicago, IL 60608",Chicago Animal Care and Control,(312) 747-1406,https://cityofchicago.org/cacc,https://24petconnect.com/chgoall/Details/CHGO/A304095
A304097,Chablis,Female,Available,2025/11/14,,3 years old,"female, gray and white American Pit Bull Terrier",,,Visit the shelter 12 to 6 pm daily,2025-11-26,"2741 South Western AvenueChicago, IL 60608",Chicago Animal Care and Control,(312) 747-1406,https://cityofchicago.org/cacc,https://24petconnect.com/chgoall/Details/CHGO/A304097
A304111,Zebracake,Spayed Female,Adopted,,2025/11/20,9 months old,"spayed female, tan and black Siberian Husky mix",,,Please take a look at some of my other buddies in the shelter,2025-11-26,"2741 South Western AvenueChicago, IL 60608",Chicago Animal Care and Control,(312) 747-1406,https://cityofchicago.org/cacc,https://24petconnect.com/chgoall/Details/CHGO/A304111
A304113,Pumba,Male,Available,2025/11/14,,1 year and 6 months old,"male, black and white American Pit Bull Terrier",,,Visit the shelter 12 to 6 pm daily,2025-11-26,"2741 South Western AvenueChicago, IL 60608",Chicago Animal Care and Control,(312) 747-1406,https://cityofchicago.org/cacc,https://24petconnect.com/chgoall/Details/CHGO/A304113
A304118,Canon,Male,Available,2025/11/14,,8 years old,"male, brown American Pit Bull Terrier mix",,,Visit the shelter 12 to 6 pm daily,2025-11-26,"2741 South Western AvenueChicago, IL 60608",Chicago Animal Care and Control,(312) 747-1406,https://cityofchicago.org/cacc,https://24petconnect.com/chgoall/Details/CHGO/A304118
A304119,Haley,Female,Available,2025/11/14,,My age is unknown,"female, gray American Pit Bull Terrier","3100 Block W Harrison St, Chicago Il 60612",,Visit the shelter 12 to 6 pm daily,2025-11-26,"2741 South Western AvenueChicago, IL 60608",Chicago Animal Care and Control,(312) 747-1406,https://cityofchicago.org/cacc,https://24petconnect.com/chgoall/Details/CHGO/A304119
A304120,Fredo,Male,Available,2025/11/15,,My age is unknown,"male, black American Pit Bull Terrier and Boxer",,,Visit the shelter 12 to 6 pm daily,2025-11-26,"2741 South Western AvenueChicago, IL 60608",Chicago Animal Care and Control,(312) 747-1406,https://cityofchicago.org/cacc,https://24petconnect.com/chgoall/Details/CHGO/A304120
A304121,Unknown,Male,Available,2025/11/15,,My age is unknown,"male, white and black American Pit Bull Terrier and American Bulldog","9500 Block S Yale Ave, Chicago, Il 60628",,Visit the shelter 12 to 6 pm daily,2025-11-26,"2741 South Western AvenueChicago, IL 60608",Chicago Animal Care and Control,(312) 747-1406,https://cityofchicago.org/cacc,https://24petconnect.com/chgoall/Details/CHGO/A304121
A304122,Kavita,Female,Available,2025/11/15,,My age is unknown,"female, chocolate and white American Pit Bull Terrier","6900 Block S Stoneyisland, Chicago Il",,Visit the shelter 12 to 6 pm daily,2025-11-26,"2741 South Western AvenueChicago, IL 60608",Chicago Animal Care and Control,(312) 747-1406,https://cityofchicago.org/cacc,https://24petconnect.com/chgoall/Details/CHGO/A304122
A304124,Lois,Female,Transferred to Border Tails Rescue,,2025/11/20,My age is unknown,"female, gray and white American Pit Bull Terrier",,,Please take a look at some of my other buddies in the shelter,2025-11-26,"2741 South Western AvenueChicago, IL 60608",Chicago Animal Care and Control,(312) 747-1406,https://cityofchicago.org/cacc,https://24petconnect.com/chgoall/Details/CHGO/A304124
A304126,Chantara,Female,Available,2025/11/15,,My age is unknown,"female, white Labrador Retriever and American Pit Bull Terrier","10500 Block S State St, Chicago, Il 60628",,Visit the shelter 12 to 6 pm daily,2025-11-26,"2741 South Western AvenueChicago, IL 60608",Chicago Animal Care and Control,(312) 747-1406,https://cityofchicago.org/cacc,https://24petconnect.com/chgoall/Details/CHGO/A304126
A304141,Luna,Spayed Female,Returned to Owner,,2025/11/20,2 years,"spayed female, black and brown Rottweiler mix",,,Please take a look at some of my other buddies in the shelter,2025-11-26,"2741 South Western AvenueChicago, IL 60608",Chicago Animal Care and Control,(312) 747-1406,https://cityofchicago.org/cacc,https://24petconnect.com/chgoall/Details/CHGO/A304141
A304142,Swiss Roll,Male,Available,2025/11/15,,My age is unknown,"male, white and black American Pit Bull Terrier","2100 Block S Rockwell St, Chicago Il 60608",,Visit the shelter 12 to 6 pm daily,2025-11-26,"2741 South Western AvenueChicago, IL 60608",Chicago Animal Care and Control,(312) 747-1406,https://cityofchicago.org/cacc,https://24petconnect.com/chgoall/Details/CHGO/A304142
A304145,Pougkeepsie,Male,Available,2025/11/15,,My age is unknown,"male, white and black American Pit Bull Terrier","7900 Block S Washtenaw Ave, Ashburn Park Il 60652",,Visit the shelter 12 to 6 pm daily,2025-11-26,"2741 South Western AvenueChicago, IL 60608",Chicago Animal Care and Control,(312) 747-1406,https://cityofchicago.org/cacc,https://24petconnect.com/chgoall/Details/CHGO/A304145
A304167,Dex,Male,Available,2025/11/15,,7 months old,"male, tan and white American Pit Bull Terrier",,,Visit the shelter 12 to 6 pm daily,2025-11-26,"2741 South Western AvenueChicago, IL 60608",Chicago Animal Care and Control,(312) 747-1406,https://cityofchicago.org/cacc,https://24petconnect.com/chgoall/Details/CHGO/A304167
A304176,Remmy,Spayed Female,Adopted,,2025/11/26,10 years old,"spayed female, black and white American Pit Bull Terrier",,,Please take a look at some of my other buddies in the shelter,2025-11-26,"2741 South Western AvenueChicago, IL 60608",Chicago Animal Care and Control,(312) 747-1406,https://cityofchicago.org/cacc,https://24petconnect.com/chgoall/Details/CHGO/A304176
A304178,Langston,Male,Available,2025/11/16,,My age is unknown,"male, brown brindle and white American Pit Bull Terrier and Boxer","5400 Block N Cumberland Ave, Chicago, Il 60656",,Visit the shelter 12 to 6 pm daily,2025-11-26,"2741 South Western AvenueChicago, IL 60608",Chicago Animal Care and Control,(312) 747-1406,https://cityofchicago.org/cacc,https://24petconnect.com/chgoall/Details/CHGO/A304178
A304179,Ziggy,Male,Available,2025/11/16,,My age is unknown,"male, gray and white American Pit Bull Terrier","100 Block W Delaware Pl, Chestnut Street Il 60610",,Visit the shelter 12 to 6 pm daily,2025-11-26,"2741 South Western AvenueChicago, IL 60608",Chicago Animal Care and Control,(312) 747-1406,https://cityofchicago.org/cacc,https://24petconnect.com/chgoall/Details/CHGO/A304179
A304182,Jory,Female,Available,2025/11/16,,My age is unknown,"female, brown and white American Pit Bull Terrier","200 Block S Kenton Ave, Chicago Il 60644",,Visit the shelter 12 to 6 pm daily,2025-11-26,"2741 South Western AvenueChicago, IL 60608",Chicago Animal Care and Control,(312) 747-1406,https://cityofchicago.org/cacc,https://24petconnect.com/chgoall/Details/CHGO/A304182
A304197,Carlton,Neutered Male,Available,2025/11/16,,6 years old,"neutered male, brown American Pit Bull Terrier",,,Visit the shelter 12 to 6 pm daily,2025-11-26,"2741 South Western AvenueChicago, IL 60608",Chicago Animal Care and Control,(312) 747-1406,https://cityofchicago.org/cacc,https://24petconnect.com/chgoall/Details/CHGO/A304197
A304198,Unknown,Male,Transferred to Border Tails Rescue,,2025/11/20,My age is unknown,"male, tan Pomeranian",,,Please take a look at some of my other buddies in the shelter,2025-11-26,"2741 South Western AvenueChicago, IL 60608",Chicago Animal Care and Control,(312) 747-1406,https://cityofchicago.org/cacc,https://24petconnect.com/chgoall/Details/CHGO/A304198
A304199,Luciano,Male,Available,2025/11/16,,7 months old,"male, brown brindle and white American Pit Bull Terrier mix",,,Visit the shelter 12 to 6 pm daily,2025-11-26,"2741 South Western AvenueChicago, IL 60608",Chicago Animal Care and Control,(312) 747-1406,https://cityofchicago.org/cacc,https://24petconnect.com/chgoall/Details/CHGO/A304199
A304201,Keaton,Male,Available,2025/11/16,,My age is unknown,"male, brown Alaskan Husky",4700 Block W West End Chicago Il 60644,,Visit the shelter 12 to 6 pm daily,2025-11-26,"2741 South Western AvenueChicago, IL 60608",Chicago Animal Care and Control,(312) 747-1406,https://cityofchicago.org/cacc,https://24petconnect.com/chgoall/Details/CHGO/A304201
A304207,Kori,Female,Available,2025/11/16,,7 years old,"female, tan American Pit Bull Terrier","300 Block W 31St St, Chicago, Il 60616",,Visit the shelter 12 to 6 pm daily,2025-11-26,"2741 South Western AvenueChicago, IL 60608",Chicago Animal Care and Control,(312) 747-1406,https://cityofchicago.org/cacc,https://24petconnect.com/chgoall/Details/CHGO/A304207
A304223,Frappuccina,Female,Available,2025/11/16,,My age is unknown,"female, black and white Siberian Husky","3500 Block S Morgan St, Chicago Il 60609",,Visit the shelter 12 to 6 pm daily,2025-11-26,"2741 South Western AvenueChicago, IL 60608",Chicago Animal Care and Control,(312) 747-1406,https://cityofchicago.org/cacc,https://24petconnect.com/chgoall/Details/CHGO/A304223
A304225,Unknown,Female,Transferred to Chicago Rescue Authority,,2025/11/20,My age is unknown,"female, black Great Dane",,,Please take a look at some of my other buddies in the shelter,2025-11-26,"2741 South Western AvenueChicago, IL 60608",Chicago Animal Care and Control,(312) 747-1406,https://cityofchicago.org/cacc,https://24petconnect.com/chgoall/Details/CHGO/A304225
A304226,Drina,Female,Available,2025/11/17,,My age is unknown,"female, brown brindle and white American Pit Bull Terrier","10500 Block S Ewing Ave, Chicago Il 60617",,Visit the shelter 12 to 6 pm daily,2025-11-26,"2741 South Western AvenueChicago, IL 60608",Chicago Animal Care and Control,(312) 747-1406,https://cityofchicago.org/cacc,https://24petconnect.com/chgoall/Details/CHGO/A304226
A304230,Unknown,Male,Transferred to As Good As Gold,,2025/11/20,My age is unknown,"male, gold Golden Retriever",,,Please take a look at some of my other buddies in the shelter,2025-11-26,"2741 South Western AvenueChicago, IL 60608",Chicago Animal Care and Control,(312) 747-1406,https://cityofchicago.org/cacc,https://24petconnect.com/chgoall/Details/CHGO/A304230
A304231,Otis,Neutered Male,Adopted,,2025/11/23,1 year,"neutered male, brown brindle American Pit Bull Terrier",,,Please take a look at some of my other buddies in the shelter,2025-11-26,"2741 South Western AvenueChicago, IL 60608",Chicago Animal Care and Control,(312) 747-1406,https://cityofchicago.org/cacc,https://24petconnect.com/chgoall/Details/CHGO/A304231
A304232,Milo,Neutered Male,Adopted,,2025/11/23,1 year,"neutered male, black and white American Pit Bull Terrier",,,Please take a look at some of my other buddies in the shelter,2025-11-26,"2741 South Western AvenueChicago, IL 60608",Chicago Animal Care and Control,(312) 747-1406,https://cityofchicago.org/cacc,https://24petconnect.com/chgoall/Details/CHGO/A304232
A304241,Unknown,Female,Transferred to Border Tails Rescue,,2025/11/20,My age is unknown,"female, tan English Bulldog and American Pit Bull Terrier",,,Please take a look at some of my other buddies in the shelter,2025-11-26,"2741 South Western AvenueChicago, IL 60608",Chicago Animal Care and Control,(312) 747-1406,https://cityofchicago.org/cacc,https://24petconnect.com/chgoall/Details/CHGO/A304241
A304274,Pantera,Spayed Female,Available,2025/11/17,,3 years old,"spayed female, black Bulldog",,,Visit the shelter 12 to 6 pm daily,2025-11-26,"2741 South Western AvenueChicago, IL 60608",Chicago Animal Care and Control,(312) 747-1406,https://cityofchicago.org/cacc,https://24petconnect.com/chgoall/Details/CHGO/A304274
A304275,Marshmallow,Female,Available,2025/11/18,,My age is unknown,"female, white American Pit Bull Terrier mix","7400 Block S Champlain Ave, Chicago, Il 60619",,Visit the shelter 12 to 6 pm daily,2025-11-26,"2741 South Western AvenueChicago, IL 60608",Chicago Animal Care and Control,(312) 747-1406,https://cityofchicago.org/cacc,https://24petconnect.com/chgoall/Details/CHGO/A304275
A304285,Doughnut,Female,Available,2025/11/18,,My age is unknown,"female, brown brindle and white American Pit Bull Terrier","500 Block E 38Th St, Chicago, Il 60653",,Visit the shelter 12 to 6 pm daily,2025-11-26,"2741 South Western AvenueChicago, IL 60608",Chicago Animal Care and Control,(312) 747-1406,https://cityofchicago.org/cacc,https://24petconnect.com/chgoall/Details/CHGO/A304285
A304288,Vancouver,Male,Available,2025/11/18,,My age is unknown,"male, red and white Siberian Husky","300 Block E 136Th Pl, Chicago Il 60827",,Visit the shelter 12 to 6 pm daily,2025-11-26,"2741 South Western AvenueChicago, IL 60608",Chicago Animal Care and Control,(312) 747-1406,https://cityofchicago.org/cacc,https://24petconnect.com/chgoall/Details/CHGO/A304288
A304289,Dream,Neutered Male,Returned to Owner,,2025/11/22,4 years old,"neutered male, brown and white American Pit Bull Terrier",,,Please take a look at some of my other buddies in the shelter,2025-11-26,"2741 South Western AvenueChicago, IL 60608",Chicago Animal Care and Control,(312) 747-1406,https://cityofchicago.org/cacc,https://24petconnect.com/chgoall/Details/CHGO/A304289
A304312,Townes,Male,Available,2025/11/18,,My age is unknown,"male, brown brindle American Pit Bull Terrier","2300 Block E 67Th St, Chicago Il 60649",,Visit the shelter 12 to 6 pm daily,2025-11-26,"2741 South Western AvenueChicago, IL 60608",Chicago Animal Care and Control,(312) 747-1406,https://cityofchicago.org/cacc,https://24petconnect.com/chgoall/Details/CHGO/A304312
A304313,Rocky,Male,Returned to Owner,,2025/11/20,11 years old,"male, white Shih Tzu",,,Please take a look at some of my other buddies in the shelter,2025-11-26,"2741 South Western AvenueChicago, IL 60608",Chicago Animal Care and Control,(312) 747-1406,https://cityofchicago.org/cacc,https://24petconnect.com/chgoall/Details/CHGO/A304313
A304315,Unknown,Male,Transferred to Border Tails Rescue,,2025/11/20,My age is unknown,"male, apricot and white Collie - Smooth",,,Please take a look at some of my other buddies in the shelter,2025-11-26,"2741 South Western AvenueChicago, IL 60608",Chicago Animal Care and Control,(312) 747-1406,https://cityofchicago.org/cacc,https://24petconnect.com/chgoall/Details/CHGO/A304315
A304320,Unknown,Female,Transferred to Pet Profile Rescue,,2025/11/23,My age is unknown,"female, black Poodle - Toy",,,Please take a look at some of my other buddies in the shelter,2025-11-26,"2741 South Western AvenueChicago, IL 60608",Chicago Animal Care and Control,(312) 747-1406,https://cityofchicago.org/cacc,https://24petconnect.com/chgoall/Details/CHGO/A304320
A304321,Unknown,Female,Transferred to Pet Profile Rescue,,2025/11/23,My age is unknown,"female, tan Poodle - Toy",,,Please take a look at some of my other buddies in the shelter,2025-11-26,"2741 South Western AvenueChicago, IL 60608",Chicago Animal Care and Control,(312) 747-1406,https://cityofchicago.org/cacc,https://24petconnect.com/chgoall/Details/CHGO/A304321
A304322,Piston,Male,Available,2025/11/18,,My age is unknown,"male, brown brindle and white American Pit Bull Terrier","7700 Block S Kenton Ave, Ashburn Park Il 60652",,Visit the shelter 12 to 6 pm daily,2025-11-26,"2741 South Western AvenueChicago, IL 60608",Chicago Animal Care and Control,(312) 747-1406,https://cityofchicago.org/cacc,https://24petconnect.com/chgoall/Details/CHGO/A304322
A304324,Cornbread,Male,Available,2025/11/18,,3 years old,"male, white and brown American Pit Bull Terrier",,,Visit the shelter 12 to 6 pm daily,2025-11-26,"2741 South Western AvenueChicago, IL 60608",Chicago Animal Care and Control,(312) 747-1406,https://cityofchicago.org/cacc,https://24petconnect.com/chgoall/Details/CHGO/A304324
A304325,Ruben,Male,Available,2025/11/18,,My age is unknown,"male, gray American Pit Bull Terrier","2900 Block S Shields Chicago, Il 60609",,Visit the shelter 12 to 6 pm daily,2025-11-26,"2741 South Western AvenueChicago, IL 60608",Chicago Animal Care and Control,(312) 747-1406,https://cityofchicago.org/cacc,https://24petconnect.com/chgoall/Details/CHGO/A304325
A304326,Messina,Female,Available,2025/11/18,,My age is unknown,"female, brown American Pit Bull Terrier",2700 Block S Karlov Chicago Il 60623,,Visit the shelter 12 to 6 pm daily,2025-11-26,"2741 South Western AvenueChicago, IL 60608",Chicago Animal Care and Control,(312) 747-1406,https://cityofchicago.org/cacc,https://24petconnect.com/chgoall/Details/CHGO/A304326
A304332,Smokey,Neutered Male,Returned to Owner,,2025/11/21,1 year,"neutered male, gray and white American Pit Bull Terrier",,,Please take a look at some of my other buddies in the shelter,2025-11-26,"2741 South Western AvenueChicago, IL 60608",Chicago Animal Care and Control,(312) 747-1406,https://cityofchicago.org/cacc,https://24petconnect.com/chgoall/Details/CHGO/A304332
A304334,Yolanda,Spayed Female,Available,2025/11/19,,1 year and 11 months old,"spayed female, brown and white American Pit Bull Terrier","5900 Block S Justine St, Chicago Il 60636",,Visit the shelter 12 to 6 pm daily,2025-11-26,"2741 South Western AvenueChicago, IL 60608",Chicago Animal Care and Control,(312) 747-1406,https://cityofchicago.org/cacc,https://24petconnect.com/chgoall/Details/CHGO/A304334
A304339,Gino,Male,Available,2025/11/19,,3 years old,"male, brown American Pit Bull Terrier",,,Visit the shelter 12 to 6 pm daily,2025-11-26,"2741 South Western AvenueChicago, IL 60608",Chicago Animal Care and Control,(312) 747-1406,https://cityofchicago.org/cacc,https://24petconnect.com/chgoall/Details/CHGO/A304339
A304340,Osita,Spayed Female,Returned to Owner,,2025/11/20,9 years old,"spayed female, black and gray Shih Tzu and Chihuahua - Smooth Coated",,,Please take a look at some of my other buddies in the shelter,2025-11-26,"2741 South Western AvenueChicago, IL 60608",Chicago Animal Care and Control,(312) 747-1406,https://cityofchicago.org/cacc,https://24petconnect.com/chgoall/Details/CHGO/A304340
A304341,Oso,Male,Available,2025/11/19,,4 years old,"male, brown and black German Shepherd Dog","3900 Block W Division St, Chicago, Il 60651",,Visit the shelter 12 to 6 pm daily,2025-11-26,"2741 South Western AvenueChicago, IL 60608",Chicago Animal Care and Control,(312) 747-1406,https://cityofchicago.org/cacc,https://24petconnect.com/chgoall/Details/CHGO/A304341
A304345,Brandy,Female,Available,2025/11/19,,1 year and 2 months old,"female, brown Great Dane mix",,,Visit the shelter 12 to 6 pm daily,2025-11-26,"2741 South Western AvenueChicago, IL 60608",Chicago Animal Care and Control,(312) 747-1406,https://cityofchicago.org/cacc,https://24petconnect.com/chgoall/Details/CHGO/A304345
A304346,Muriel,Female,Available,2025/11/19,,4 years old,"female, white and brown American Pit Bull Terrier",,,Visit the shelter 12 to 6 pm daily,2025-11-26,"2741 South Western AvenueChicago, IL 60608",Chicago Animal Care and Control,(312) 747-1406,https://cityofchicago.org/cacc,https://24petconnect.com/chgoall/Details/CHGO/A304346
A304347,Patsy,Female,Available,2025/11/19,,2 years old,"female, tan and white American Pit Bull Terrier",,,Visit the shelter 12 to 6 pm daily,2025-11-26,"2741 South Western AvenueChicago, IL 60608",Chicago Animal Care and Control,(312) 747-1406,https://cityofchicago.org/cacc,https://24petconnect.com/chgoall/Details/CHGO/A304347
A304361,Girlinda,Female,Available,2025/11/19,,1 year,"female, tan and white American Pit Bull Terrier",,,Visit the shelter 12 to 6 pm daily,2025-11-26,"2741 South Western AvenueChicago, IL 60608",Chicago Animal Care and Control,(312) 747-1406,https://cityofchicago.org/cacc,https://24petconnect.com/chgoall/Details/CHGO/A304361
A304362,Emerald,Female,Available,2025/11/19,,My age is unknown,"female, brown brindle American Pit Bull Terrier","4500 Block W Congress Pkwy, Chicago Il 60624",,Visit the shelter 12 to 6 pm daily,2025-11-26,"2741 South Western AvenueChicago, IL 60608",Chicago Animal Care and Control,(312) 747-1406,https://cityofchicago.org/cacc,https://24petconnect.com/chgoall/Details/CHGO/A304362
A304363,Shasta,Female,Available,2025/11/19,,8 years old,"female, brown and black German Shepherd Dog mix",,,Visit the shelter 12 to 6 pm daily,2025-11-26,"2741 South Western AvenueChicago, IL 60608",Chicago Animal Care and Control,(312) 747-1406,https://cityofchicago.org/cacc,https://24petconnect.com/chgoall/Details/CHGO/A304363
A304364,Belldina,Female,Available,2025/11/19,,6 years old,"female, brown and black German Shepherd Dog",,,Visit the shelter 12 to 6 pm daily,2025-11-26,"2741 South Western AvenueChicago, IL 60608",Chicago Animal Care and Control,(312) 747-1406,https://cityofchicago.org/cacc,https://24petconnect.com/chgoall/Details/CHGO/A304364
A304369,Unknown,Male,Transferred to Border Tails Rescue,,2025/11/24,1 year and 6 months old,"male, tricolor Shih Tzu",,,Please take a look at some of my other buddies in the shelter,2025-11-26,"2741 South Western AvenueChicago, IL 60608",Chicago Animal Care and Control,(312) 747-1406,https://cityofchicago.org/cacc,https://24petconnect.com/chgoall/Details/CHGO/A304369
A304376,Unknown,Male,Transferred to Paws Chicago,,2025/11/21,My age is unknown,"male, black and tan Chihuahua - Smooth Coated",,,Please take a look at some of my other buddies in the shelter,2025-11-26,"2741 South Western AvenueChicago, IL 60608",Chicago Animal Care and Control,(312) 747-1406,https://cityofchicago.org/cacc,https://24petconnect.com/chgoall/Details/CHGO/A304376
A304377,Unknown,Female,Transferred to Border Tails Rescue,,2025/11/24,My age is unknown,"female, brown brindle and white American Pit Bull Terrier",,,Please take a look at some of my other buddies in the shelter,2025-11-26,"2741 South Western AvenueChicago, IL 60608",Chicago Animal Care and Control,(312) 747-1406,https://cityofchicago.org/cacc,https://24petconnect.com/chgoall/Details/CHGO/A304377
A304384,Rex,Male,Available,2025/11/20,,My age is unknown,"male, black and white American Pit Bull Terrier","8100 Block S Colfax Ave, Chicago, Il 60617",,Visit the shelter 12 to 6 pm daily,2025-11-26,"2741 South Western AvenueChicago, IL 60608",Chicago Animal Care and Control,(312) 747-1406,https://cityofchicago.org/cacc,https://24petconnect.com/chgoall/Details/CHGO/A304384
A304388,Zeus,Neutered Male,Returned to Owner,,2025/11/22,4 years old,"neutered male, tan American Pit Bull Terrier",,,Please take a look at some of my other buddies in the shelter,2025-11-26,"2741 South Western AvenueChicago, IL 60608",Chicago Animal Care and Control,(312) 747-1406,https://cityofchicago.org/cacc,https://24petconnect.com/chgoall/Details/CHGO/A304388
A304389,Gibson,Male,Available,2025/11/20,,My age is unknown,"male, tan and white American Pit Bull Terrier mix","10200 Block S Perry Ave, Chicago Il 60628",,Visit the shelter 12 to 6 pm daily,2025-11-26,"2741 South Western AvenueChicago, IL 60608",Chicago Animal Care and Control,(312) 747-1406,https://cityofchicago.org/cacc,https://24petconnect.com/chgoall/Details/CHGO/A304389
A304397,Jay,Male,Available,2025/11/20,,8 years old,"male, black brindle American Pit Bull Terrier",,,Visit the shelter 12 to 6 pm daily,2025-11-26,"2741 South Western AvenueChicago, IL 60608",Chicago Animal Care and Control,(312) 747-1406,https://cityofchicago.org/cacc,https://24petconnect.com/chgoall/Details/CHGO/A304397
A304399,Tassel,Female,Available,2025/11/20,,My age is unknown,"female, black American Pit Bull Terrier",2100 Block S California Ave Chciago Il 60608,,Visit the shelter 12 to 6 pm daily,2025-11-26,"2741 South Western AvenueChicago, IL 60608",Chicago Animal Care and Control,(312) 747-1406,https://cityofchicago.org/cacc,https://24petconnect.com/chgoall/Details/CHGO/A304399
A304402,Unknown,Unknown,Available,2025/11/21,,My age is unknown,white Poodle - Toy,"2600 Block W Monroe St, Chicago Il 60612",,Visit the shelter 12 to 6 pm daily,2025-11-26,"2741 South Western AvenueChicago, IL 60608",Chicago Animal Care and Control,(312) 747-1406,https://cityofchicago.org/cacc,https://24petconnect.com/chgoall/Details/CHGO/A304402
A304405,Dream,Spayed Female,Available,2025/11/21,,3 years old,"spayed female, gray and white American Pit Bull Terrier","7500 Block S Saginaw Ave, Chicago Il 60649",,Visit the shelter 12 to 6 pm daily,2025-11-26,"2741 South Western AvenueChicago, IL 60608",Chicago Animal Care and Control,(312) 747-1406,https://cityofchicago.org/cacc,https://24petconnect.com/chgoall/Details/CHGO/A304405
A304407,Unknown,Male,Transferred to Paws Of Tinley Park,,2025/11/21,My age is unknown,"male, tan Poodle - Miniature",,,Please take a look at some of my other buddies in the shelter,2025-11-26,"2741 South Western AvenueChicago, IL 60608",Chicago Animal Care and Control,(312) 747-1406,https://cityofchicago.org/cacc,https://24petconnect.com/chgoall/Details/CHGO/A304407
A304408,Umberto,Male,Available,2025/11/21,,My age is unknown,"male, gray and white American Pit Bull Terrier","4900 Block S Ashland Ave, Chicago Il 60609",,Visit the shelter 12 to 6 pm daily,2025-11-26,"2741 South Western AvenueChicago, IL 60608",Chicago Animal Care and Control,(312) 747-1406,https://cityofchicago.org/cacc,https://24petconnect.com/chgoall/Details/CHGO/A304408
A304412,Rumor,Female,Available,2025/11/21,,My age is unknown,"female, black and white Siberian Husky","5900 Block S Wood St, Chicago, Il 60636",,Visit the shelter 12 to 6 pm daily,2025-11-26,"2741 South Western AvenueChicago, IL 60608",Chicago Animal Care and Control,(312) 747-1406,https://cityofchicago.org/cacc,https://24petconnect.com/chgoall/Details/CHGO/A304412
A304413,Unknown,Male,Available,2025/11/21,,My age is unknown,"male, white and brown American Pit Bull Terrier mix","800 Block E 88Th St, Chicago Il 60619",,Visit the shelter 12 to 6 pm daily,2025-11-26,"2741 South Western AvenueChicago, IL 60608",Chicago Animal Care and Control,(312) 747-1406,https://cityofchicago.org/cacc,https://24petconnect.com/chgoall/Details/CHGO/A304413
A304415,Brody,Neutered Male,Returned to Owner,,2025/11/21,My age is unknown,"neutered male, black and white Labrador Retriever mix",,,Please take a look at some of my other buddies in the shelter,2025-11-26,"2741 South Western AvenueChicago, IL 60608",Chicago Animal Care and Control,(312) 747-1406,https://cityofchicago.org/cacc,https://24petconnect.com/chgoall/Details/CHGO/A304415
A304416,Unknown,Neutered Male,Returned to Owner,,2025/11/21,My age is unknown,"neutered male, black and white American Pit Bull Terrier",,,Please take a look at some of my other buddies in the shelter,2025-11-26,"2741 South Western AvenueChicago, IL 60608",Chicago Animal Care and Control,(312) 747-1406,https://cityofchicago.org/cacc,https://24petconnect.com/chgoall/Details/CHGO/A304416
A304419,Unknown,Male,Transferred to Anti Cruelty Society,,2025/11/21,3 years old,"male, white and brown Chinese Sharpei mix",,,Please take a look at some of my other buddies in the shelter,2025-11-26,"2741 South Western AvenueChicago, IL 60608",Chicago Animal Care and Control,(312) 747-1406,https://cityofchicago.org/cacc,https://24petconnect.com/chgoall/Details/CHGO/A304419
A304423,Didi,Female,Available,2025/11/21,,1 year,"female, apricot and white American Pit Bull Terrier",,,Visit the shelter 12 to 6 pm daily,2025-11-26,"2741 South Western AvenueChicago, IL 60608",Chicago Animal Care and Control,(312) 747-1406,https://cityofchicago.org/cacc,https://24petconnect.com/chgoall/Details/CHGO/A304423
A304436,Spunky,Neutered Male,Available,2025/11/21,,14 years old,"neutered male, white and apricot Shih Tzu","6700 Block S Crandon Ave, Chicago Il 60649",,Visit the shelter 12 to 6 pm daily,2025-11-26,"2741 South Western AvenueChicago, IL 60608",Chicago Animal Care and Control,(312) 747-1406,https://cityofchicago.org/cacc,https://24petconnect.com/chgoall/Details/CHGO/A304436
A304438,Unknown,Female,Available,2025/11/22,,My age is unknown,"female, brown brindle and white American Pit Bull Terrier mix","5200 Block S Indiana Ave, Chicago Il 60615",,Visit the shelter 12 to 6 pm daily,2025-11-26,"2741 South Western AvenueChicago, IL 60608",Chicago Animal Care and Control,(312) 747-1406,https://cityofchicago.org/cacc,https://24petconnect.com/chgoall/Details/CHGO/A304438
A304439,Rocky,Male,Available,2025/11/22,,1 year and 8 months old,"male, brown and white American Staffordshire Terrier","5500 Block W Grand Ave, Chicago, Il 60639",,Visit the shelter 12 to 6 pm daily,2025-11-26,"2741 South Western AvenueChicago, IL 60608",Chicago Animal Care and Control,(312) 747-1406,https://cityofchicago.org/cacc,https://24petconnect.com/chgoall/Details/CHGO/A304439
A304441,Tony,Male,Available,2025/11/22,,My age is unknown,"male, brown brindle Labrador Retriever","900 Block E 130Th Pl, Chicago Il 60827",,Visit the shelter 12 to 6 pm daily,2025-11-26,"2741 South Western AvenueChicago, IL 60608",Chicago Animal Care and Control,(312) 747-1406,https://cityofchicago.org/cacc,https://24petconnect.com/chgoall/Details/CHGO/A304441
A304443,Unknown,Female,Available,2025/11/22,,My age is unknown,"female, tan American Pit Bull Terrier",2700 Block S Western Ave Chicago Il 60608,,Visit the shelter 12 to 6 pm daily,2025-11-26,"2741 South Western AvenueChicago, IL 60608",Chicago Animal Care and Control,(312) 747-1406,https://cityofchicago.org/cacc,https://24petconnect.com/chgoall/Details/CHGO/A304443
A304448,Unknown,Female,Available,2025/11/22,,My age is unknown,"female, white and gray Shih Tzu","7100 Block S Racine Ave, Chicago Il 60636",,Visit the shelter 12 to 6 pm daily,2025-11-26,"2741 South Western AvenueChicago, IL 60608",Chicago Animal Care and Control,(312) 747-1406,https://cityofchicago.org/cacc,https://24petconnect.com/chgoall/Details/CHGO/A304448
A304451,Unknown,Female,Transferred to Border Tails Rescue,,2025/11/24,My age is unknown,"female, black Chihuahua - Smooth Coated mix",,,Please take a look at some of my other buddies in the shelter,2025-11-26,"2741 South Western AvenueChicago, IL 60608",Chicago Animal Care and Control,(312) 747-1406,https://cityofchicago.org/cacc,https://24petconnect.com/chgoall/Details/CHGO/A304451
A304463,Unknown,Male,Transferred to Garrido Stray Rescue Foundation,,2025/11/22,My age is unknown,"male, brown and white Border Collie mix",,,Please take a look at some of my other buddies in the shelter,2025-11-26,"2741 South Western AvenueChicago, IL 60608",Chicago Animal Care and Control,(312) 747-1406,https://cityofchicago.org/cacc,https://24petconnect.com/chgoall/Details/CHGO/A304463
A304465,Unknown,Male,Transferred to Garrido Stray Rescue Foundation,,2025/11/22,My age is unknown,"male, gray Poodle - Standard mix",,,Please take a look at some of my other buddies in the shelter,2025-11-26,"2741 South Western AvenueChicago, IL 60608",Chicago Animal Care and Control,(312) 747-1406,https://cityofchicago.org/cacc,https://24petconnect.com/chgoall/Details/CHGO/A304465
A304474,Berkley,Male,Available,2025/11/22,,My age is unknown,"male, gray American Pit Bull Terrier","7900 Block S Colfax Ave, Chicago Il 60649",,Visit the shelter 12 to 6 pm daily,2025-11-26,"2741 South Western AvenueChicago, IL 60608",Chicago Animal Care and Control,(312) 747-1406,https://cityofchicago.org/cacc,https://24petconnect.com/chgoall/Details/CHGO/A304474
A304476,Zeus,Male,Returned to Owner,,2025/11/23,1 year and 2 months old,"male, brown and white American Pit Bull Terrier mix",,,Please take a look at some of my other buddies in the shelter,2025-11-26,"2741 South Western AvenueChicago, IL 60608",Chicago Animal Care and Control,(312) 747-1406,https://cityofchicago.org/cacc,https://24petconnect.com/chgoall/Details/CHGO/A304476
A304477,Dolphin,Female,Available,2025/11/23,,My age is unknown,"female, gray and white American Pit Bull Terrier mix","7700 Block S Jeffery Blvd, Chicago Il 60649",,Visit the shelter 12 to 6 pm daily,2025-11-26,"2741 South Western AvenueChicago, IL 60608",Chicago Animal Care and Control,(312) 747-1406,https://cityofchicago.org/cacc,https://24petconnect.com/chgoall/Details/CHGO/A304477
A304481,Unknown,Male,Available,2025/11/23,,My age is unknown,"male, black and white Bull Terrier mix","5700 Block W Jackson Blvd, Chicago Il 60644",,Visit the shelter 12 to 6 pm daily,2025-11-26,"2741 South Western AvenueChicago, IL 60608",Chicago Animal Care and Control,(312) 747-1406,https://cityofchicago.org/cacc,https://24petconnect.com/chgoall/Details/CHGO/A304481
A304486,Unknown,Male,Available,2025/11/23,,My age is unknown,"male, black and brown Yorkshire Terrier","100 Block N Mason Chicago, Il 60644",,Visit the shelter 12 to 6 pm daily,2025-11-26,"2741 South Western AvenueChicago, IL 60608",Chicago Animal Care and Control,(312) 747-1406,https://cityofchicago.org/cacc,https://24petconnect.com/chgoall/Details/CHGO/A304486
A304496,Unknown,Male,Available,2025/11/23,,3 years old,"male, gray and brown American Pit Bull Terrier",1600 Block S Pulaski Chicago Il 60623,,Visit the shelter 12 to 6 pm daily,2025-11-26,"2741 South Western AvenueChicago, IL 60608",Chicago Animal Care and Control,(312) 747-1406,https://cityofchicago.org/cacc,https://24petconnect.com/chgoall/Details/CHGO/A304496
A304497,Elwood,Male,Available,2025/11/23,,My age is unknown,"male, tan American Pit Bull Terrier",,,Visit the shelter 12 to 6 pm daily,2025-11-26,"2741 South Western AvenueChicago, IL 60608",Chicago Animal Care and Control,(312) 747-1406,https://cityofchicago.org/cacc,https://24petconnect.com/chgoall/Details/CHGO/A304497
A304498,Rugby,Male,Available,2025/11/23,,My age is unknown,"male, brown American Pit Bull Terrier","4800 Block S Michigan Ave, Chicago, Il 60615",,Visit the shelter 12 to 6 pm daily,2025-11-26,"2741 South Western AvenueChicago, IL 60608",Chicago Animal Care and Control,(312) 747-1406,https://cityofchicago.org/cacc,https://24petconnect.com/chgoall/Details/CHGO/A304498
A304499,Geraldine,Female,Available,2025/11/23,,3 years old,"female, black Labrador Retriever and American Pit Bull Terrier",,,Visit the shelter 12 to 6 pm daily,2025-11-26,"2741 South Western AvenueChicago, IL 60608",Chicago Animal Care and Control,(312) 747-1406,https://cityofchicago.org/cacc,https://24petconnect.com/chgoall/Details/CHGO/A304499
A304502,Melanie,Female,Available,2025/11/23,,2 years,"female, tan American Pit Bull Terrier",,,Visit the shelter 12 to 6 pm daily,2025-11-26,"2741 South Western AvenueChicago, IL 60608",Chicago Animal Care and Control,(312) 747-1406,https://cityofchicago.org/cacc,https://24petconnect.com/chgoall/Details/CHGO/A304502
A304506,Unknown,Unknown,Available,2025/11/23,,My age is unknown,brown Cocker Spaniel,"2700 Block S Western Ave Chicago, Il 60608",,Visit the shelter 12 to 6 pm daily,2025-11-26,"2741 South Western AvenueChicago, IL 60608",Chicago Animal Care and Control,(312) 747-1406,https://cityofchicago.org/cacc,https://24petconnect.com/chgoall/Details/CHGO/A304506
A304508,Raiden,Male,Available,2025/11/23,,My age is unknown,"male, brown brindle American Pit Bull Terrier","1700 Block S State St Chicago, Il 60616",,Visit the shelter 12 to 6 pm daily,2025-11-26,"2741 South Western AvenueChicago, IL 60608",Chicago Animal Care and Control,(312) 747-1406,https://cityofchicago.org/cacc,https://24petconnect.com/chgoall/Details/CHGO/A304508
A304510,Bella,Spayed Female,Returned to Owner,,2025/11/24,14 years old,"spayed female, brown brindle and white American Pit Bull Terrier mix",,,Please take a look at some of my other buddies in the shelter,2025-11-26,"2741 South Western AvenueChicago, IL 60608",Chicago Animal Care and Control,(312) 747-1406,https://cityofchicago.org/cacc,https://24petconnect.com/chgoall/Details/CHGO/A304510
A304511,Dreama,Female,Available,2025/11/24,,9 years old,"female, gray and white American Pit Bull Terrier","5600 Block W Jackson Blvd, Chicago Il 60644",,Visit the shelter 12 to 6 pm daily,2025-11-26,"2741 South Western AvenueChicago, IL 60608",Chicago Animal Care and Control,(312) 747-1406,https://cityofchicago.org/cacc,https://24petconnect.com/chgoall/Details/CHGO/A304511
A304513,Unknown,Male,Available,2025/11/23,,My age is unknown,"male, cream West Highland White Terrier","1700 Block S State St, Chicago Il 60616",,Visit the shelter 12 to 6 pm daily,2025-11-26,"2741 South Western AvenueChicago, IL 60608",Chicago Animal Care and Control,(312) 747-1406,https://cityofchicago.org/cacc,https://24petconnect.com/chgoall/Details/CHGO/A304513
A304514,Unknown,Female,Available,2025/11/24,,My age is unknown,"female, brown and white American Pit Bull Terrier mix","7600 Block S Wood St, Chicago, Il 60620",,Visit the shelter 12 to 6 pm daily,2025-11-26,"2741 South Western AvenueChicago, IL 60608",Chicago Animal Care and Control,(312) 747-1406,https://cityofchicago.org/cacc,https://24petconnect.com/chgoall/Details/CHGO/A304514
A304521,Unknown,Male,Available,2025/11/24,,My age is unknown,"male, tan and white Pomeranian","1400 Block W 63Rd Stchicago, Il 60636",,Visit the shelter 12 to 6 pm daily,2025-11-26,"2741 South Western AvenueChicago, IL 60608",Chicago Animal Care and Control,(312) 747-1406,https://cityofchicago.org/cacc,https://24petconnect.com/chgoall/Details/CHGO/A304521
A304522,Misha,Female,Available,2025/11/24,,My age is unknown,"female, brown and white Collie - Smooth and Siberian Husky","1400 Block S Fairfield Ave, Chicago, Il 60608",,Visit the shelter 12 to 6 pm daily,2025-11-26,"2741 South Western AvenueChicago, IL 60608",Chicago Animal Care and Control,(312) 747-1406,https://cityofchicago.org/cacc,https://24petconnect.com/chgoall/Details/CHGO/A304522
A304525,Franky,Male,Returned to Owner,,2025/11/26,16 years old,"male, brown and black Yorkshire Terrier",,,Please take a look at some of my other buddies in the shelter,2025-11-26,"2741 South Western AvenueChicago, IL 60608",Chicago Animal Care and Control,(312) 747-1406,https://cityofchicago.org/cacc,https://24petconnect.com/chgoall/Details/CHGO/A304525
A304533,Unknown,Unknown,Available,2025/11/24,,My age is unknown,black and brown French Bulldog,"2700 Block S Western Ave Chicago, Il 60608",,Visit the shelter 12 to 6 pm daily,2025-11-26,"2741 South Western AvenueChicago, IL 60608",Chicago Animal Care and Control,(312) 747-1406,https://cityofchicago.org/cacc,https://24petconnect.com/chgoall/Details/CHGO/A304533
A304549,Unknown,Female,Available,2025/11/24,,My age is unknown,"female, brown brindle American Pit Bull Terrier","9800 Block S Avenue G, Chicago, Il 60617",,Visit the shelter 12 to 6 pm daily,2025-11-26,"2741 South Western AvenueChicago, IL 60608",Chicago Animal Care and Control,(312) 747-1406,https://cityofchicago.org/cacc,https://24petconnect.com/chgoall/Details/CHGO/A304549
A304551,Unknown,Male,Transferred to It'S A Pittie Rescue,,2025/11/25,My age is unknown,"male, tan American Pit Bull Terrier",,,Please take a look at some of my other buddies in the shelter,2025-11-26,"2741 South Western AvenueChicago, IL 60608",Chicago Animal Care and Control,(312) 747-1406,https://cityofchicago.org/cacc,https://24petconnect.com/chgoall/Details/CHGO/A304551
A304552,Unknown,Male,Transferred to It'S A Pittie Rescue,,2025/11/25,My age is unknown,"male, brown and white American Pit Bull Terrier",,,Please take a look at some of my other buddies in the shelter,2025-11-26,"2741 South Western AvenueChicago, IL 60608",Chicago Animal Care and Control,(312) 747-1406,https://cityofchicago.org/cacc,https://24petconnect.com/chgoall/Details/CHGO/A304552
A304553,Unknown,Male,Available,2025/11/24,,My age is unknown,"male, black and white Chihuahua - Smooth Coated","1400 Block S Blue Island Ave Chicago, Il 60608",,Visit the shelter 12 to 6 pm daily,2025-11-26,"2741 South Western AvenueChicago, IL 60608",Chicago Animal Care and Control,(312) 747-1406,https://cityofchicago.org/cacc,https://24petconnect.com/chgoall/Details/CHGO/A304553
A304554,Black Jack,Neutered Male,Available,2025/11/24,,1 year,"neutered male, black and white Cane Corso","12400 Block S State St, Chicago Il 60628",,Visit the shelter 12 to 6 pm daily,2025-11-26,"2741 South Western AvenueChicago, IL 60608",Chicago Animal Care and Control,(312) 747-1406,https://cityofchicago.org/cacc,https://24petconnect.com/chgoall/Details/CHGO/A304554
A304557,Unknown,Male,Available,2025/11/25,,My age is unknown,"male, white and black Labrador Retriever","4300 Block S California Ave, Chicago Il 60632",,Visit the shelter 12 to 6 pm daily,2025-11-26,"2741 South Western AvenueChicago, IL 60608",Chicago Animal Care and Control,(312) 747-1406,https://cityofchicago.org/cacc,https://24petconnect.com/chgoall/Details/CHGO/A304557
A304558,Unknown,Male,Available,2025/11/25,,My age is unknown,"male, brown merle Belgian Sheepdog","5100 Block S Damen Ave, Chicago Il 60609",,Visit the shelter 12 to 6 pm daily,2025-11-26,"2741 South Western AvenueChicago, IL 60608",Chicago Animal Care and Control,(312) 747-1406,https://cityofchicago.org/cacc,https://24petconnect.com/chgoall/Details/CHGO/A304558
A304559,Unknown,Female,Transferred to Mission Compassion Paw Inc (Mcp),,2025/11/23,My age is unknown,"female, tan and white American Pit Bull Terrier",,,Please take a look at some of my other buddies in the shelter,2025-11-26,"2741 South Western AvenueChicago, IL 60608",Chicago Animal Care and Control,(312) 747-1406,https://cityofchicago.org/cacc,https://24petconnect.com/chgoall/Details/CHGO/A304559
A304563,Unknown,Male,Available,2025/11/25,,My age is unknown,"male, tan and white American Pit Bull Terrier","5400 Block S Justine St, Chicago Il 60609",,Visit the shelter 12 to 6 pm daily,2025-11-26,"2741 South Western AvenueChicago, IL 60608",Chicago Animal Care and Control,(312) 747-1406,https://cityofchicago.org/cacc,https://24petconnect.com/chgoall/Details/CHGO/A304563
A304581,Unknown,Male,Available,2025/11/25,,My age is unknown,"male, gray and white American Pit Bull Terrier","3100 Block W 61St St, Chicago Il 60629",,Visit the shelter 12 to 6 pm daily,2025-11-26,"2741 South Western AvenueChicago, IL 60608",Chicago Animal Care and Control,(312) 747-1406,https://cityofchicago.org/cacc,https://24petconnect.com/chgoall/Details/CHGO/A304581
A304587,Unknown,Male,Available,2025/11/25,,My age is unknown,"male, gray and white American Pit Bull Terrier","7000 Block S Emerald Ave, Chicago Il 60621",,Visit the shelter 12 to 6 pm daily,2025-11-26,"2741 South Western AvenueChicago, IL 60608",Chicago Animal Care and Control,(312) 747-1406,https://cityofchicago.org/cacc,https://24petconnect.com/chgoall/Details/CHGO/A304587
A304599,Unknown,Male,Available,2025/11/25,,My age is unknown,"male, white and black Shih Tzu","2700 Block S Western Ave, Chicago Il 60608",,Visit the shelter 12 to 6 pm daily,2025-11-26,"2741 South Western AvenueChicago, IL 60608",Chicago Animal Care and Control,(312) 747-1406,https://cityofchicago.org/cacc,https://24petconnect.com/chgoall/Details/CHGO/A304599
A304611,Damit,Male,Available,2025/11/25,,My age is unknown,"male, black and brown French Bulldog","7700 Block S May St, Chicago Il 60620",,Visit the shelter 12 to 6 pm daily,2025-11-26,"2741 South Western AvenueChicago, IL 60608",Chicago Animal Care and Control,(312) 747-1406,https://cityofchicago.org/cacc,https://24petconnect.com/chgoall/Details/CHGO/A304611
A304618,Unknown,Male,Available,2025/11/26,,My age is unknown,"male, gray Bulldog","400 Block N Leclaire Ave, Chicago, Il 60644",,Visit the shelter 12 to 6 pm daily,2025-11-26,"2741 South Western AvenueChicago, IL 60608",Chicago Animal Care and Control,(312) 747-1406,https://cityofchicago.org/cacc,https://24petconnect.com/chgoall/Details/CHGO/A304618
A304620,Little Man,Male,Available,2025/11/26,,1 year,"male, brown and white American Pit Bull Terrier","500 Block N Lasalle St, Chicago Il 60602",,Visit the shelter 12 to 6 pm daily,2025-11-26,"2741 South Western AvenueChicago, IL 60608",Chicago Animal Care and Control,(312) 747-1406,https://cityofchicago.org/cacc,https://24petconnect.com/chgoall/Details/CHGO/A304620
A304623,Unknown,Male,Available,2025/11/26,,My age is unknown,"male, black American Pit Bull Terrier","11500 Block S Yale Ave, Chicago, Il 60628",,Visit the shelter 12 to 6 pm daily,2025-11-26,"2741 South Western AvenueChicago, IL 60608",Chicago Animal Care and Control,(312) 747-1406,https://cityofchicago.org/cacc,https://24petconnect.com/chgoall/Details/CHGO/A304623
A304624,Money Bag Bolden,Male,Available,2025/11/25,,My age is unknown,"male, gray and white American Pit Bull Terrier","5100 Block W Gladys Ave, Chicago Il 60644",,Visit the shelter 12 to 6 pm daily,2025-11-26,"2741 South Western AvenueChicago, IL 60608",Chicago Animal Care and Control,(312) 747-1406,https://cityofchicago.org/cacc,https://24petconnect.com/chgoall/Details/CHGO/A304624
A304626,Unknown,Female,Available,2025/11/26,,My age is unknown,"female, black American Pit Bull Terrier and Boxer","7000 Block S Cottage Grove Ave Chicago, Il 60619",,Visit the shelter 12 to 6 pm daily,2025-11-26,"2741 South Western AvenueChicago, IL 60608",Chicago Animal Care and Control,(312) 747-1406,https://cityofchicago.org/cacc,https://24petconnect.com/chgoall/Details/CHGO/A304626
A304629,Unknown,Female,Available,2025/11/26,,My age is unknown,"female, brown brindle and white American Pit Bull Terrier mix","9700 Block S Luella Ave, Chicago, Il 60617",,Visit the shelter 12 to 6 pm daily,2025-11-26,"2741 South Western AvenueChicago, IL 60608",Chicago Animal Care and Control,(312) 747-1406,https://cityofchicago.org/cacc,https://24petconnect.com/chgoall/Details/CHGO/A304629
